-- phpMyAdmin SQL Dump
-- version 5.2.1
-- https://www.phpmyadmin.net/
--
-- Host: 127.0.0.1:3306
-- Generation Time: Dec 23, 2023 at 11:22 AM
-- Server version: 10.4.28-MariaDB
-- PHP Version: 8.0.28

SET SQL_MODE = "NO_AUTO_VALUE_ON_ZERO";
START TRANSACTION;
SET time_zone = "+00:00";


/*!40101 SET @OLD_CHARACTER_SET_CLIENT=@@CHARACTER_SET_CLIENT */;
/*!40101 SET @OLD_CHARACTER_SET_RESULTS=@@CHARACTER_SET_RESULTS */;
/*!40101 SET @OLD_COLLATION_CONNECTION=@@COLLATION_CONNECTION */;
/*!40101 SET NAMES utf8mb4 */;

--
-- Database: `starbook_databse`
--

-- --------------------------------------------------------

--
-- Table structure for table `admin`
--

CREATE TABLE `admin` (
  `username` varchar(20) NOT NULL,
  `password` varchar(32) NOT NULL,
  `status` tinyint(1) NOT NULL DEFAULT 0
) ENGINE=InnoDB DEFAULT CHARSET=utf8 COLLATE=utf8_unicode_ci;

--
-- Dumping data for table `admin`
--

INSERT INTO `admin` (`username`, `password`, `status`) VALUES
('admin', 'e10adc3949ba59abbe56e057f20f883e', 1);

-- --------------------------------------------------------

--
-- Table structure for table `articles`
--

CREATE TABLE `articles` (
  `id` int(11) NOT NULL,
  `name` tinytext NOT NULL,
  `summary` mediumtext NOT NULL,
  `content` longtext NOT NULL,
  `article_cat_id` int(11) NOT NULL,
  `image` varchar(50) NOT NULL,
  `status` int(1) NOT NULL,
  `create_date` timestamp NOT NULL DEFAULT current_timestamp() ON UPDATE current_timestamp(),
  `youtube` varchar(50) NOT NULL,
  `audio` varchar(50) NOT NULL
) ENGINE=InnoDB DEFAULT CHARSET=utf8 COLLATE=utf8_unicode_ci;

--
-- Dumping data for table `articles`
--

INSERT INTO `articles` (`id`, `name`, `summary`, `content`, `article_cat_id`, `image`, `status`, `create_date`, `youtube`, `audio`) VALUES
(1, 'Cuộc đời và sự nghiệp của nhà văn, tác giả Nguyễn Nhật Ánh', 'Nhà văn Nguyễn Nhật Ánh là cái tên không còn xa lạ với những độc giả trẻ tuổi ở Việt Nam. Ông được xem là một trong những tác giả thành công nhất trong thể loại tiểu thuyết văn học lứa tuổi thanh thiếu niên, với hơn 100 tác phẩm đã xuất bản và một số đầu sách đã được chuyển thể thành phim.', '<p>Nhà văn Nguyễn Nhật Ánh được sinh ra tại làng Đo Đo, xã Bình Quế, huyện Thăng Bình, tỉnh Quảng Nam vào ngày 7 tháng 5 năm 1955. Đến năm 1973, ông theo học ngành Sư phạm và chuyển vào sinh sống tại Sài Gòn. Ông là giáo viên dạy môn Ngữ văn tại trường THCS Bình Tây (Quận 6) từ năm 1983 - 1985.</p><figure class=\"image\"><img src=\"https://simg.zalopay.com.vn/zlp-website/assets/nna_1_0326bcb452.jpg\" alt=\"Cuộc đời và sự nghiệp của nhà văn Nguyễn Nhật Ánh\"><figcaption>Nguồn: vnexpress.net</figcaption></figure><p>Năm 1984, ông cho ra mắt tập thơ đầu tiên in chung với tác giả Lê Thị Kim, có tựa đề là Thành phố tháng tư. Cũng trong năm đó, ông cho ra mắt truyện dài đầu tiên có tên Trước vòng chung kết và được phát hành bởi Nhà xuất bản Măng non.</p><p>Tên tuổi của ông được nhiều người biết đến hơn là nhờ vào tác phẩm Chú bé rắc rối được phát hành vào năm 1989. Năm 1990, tác phẩm này được trao tặng giải thưởng Văn học Trẻ hạng A bởi Trung ương Đoàn TNCS Hồ Chí Minh. Năm 1995, thông qua cuộc trưng cầu ý kiến độc giả của Thành đoàn Thành phố Hồ Chí Minh và báo Tuổi trẻ, nhà văn Nguyễn Nhật Ánh được bình chọn là nhà văn được yêu thích nhất trong 20 năm (1975 - 1995). Bên cạnh đó, ông cũng được Hội Nhà Văn Thành phố Hồ Chí Minh bầu chọn là một trong 20 nhà văn trẻ tiêu biểu trong 20 năm (1975 - 1995).</p><p>Năm 1998, nhà văn Nguyễn Nhật Ánh được trao tặng giải “Nhà văn có sách bán chạy nhất” bởi Nhà xuất bản Kim Đồng. Đến năm 2003, bộ truyện nổi tiếng Kính Vạn Hoa được Trung ương Đoàn TNCS Hồ Chí Minh trao tặng huy chương Vì thế hệ trẻ.&nbsp;</p><p>Tác phẩm mới nhất của nhà văn Nguyễn Nhật Ánh được ra mắt vào tháng 1 năm 2022, có tựa đề là Ra bờ suối ngắm hoa kèn hồng. Cuốn sách này được tác giả sáng tác trong khoảng thời gian Sài Gòn giãn cách do dịch COVID-19, có chủ đề nhẹ nhàng gần gũi với lời văn đầy màu sắc.<br>&nbsp;</p><figure class=\"image\"><img src=\"https://simg.zalopay.com.vn/zlp-website/assets/nna_2_a5efb2321e.jpg\" alt=\"Ra bờ suối ngắm hoa kèn hồng là sách mới nhất của nhà văn Nguyễn Nhật Ánh được ra mắt vào tháng 1/2022\"><figcaption>Nguồn: vneconomy.vn</figcaption></figure><p>Nhắc tới tác giả Nguyễn Nhật Ánh, người ta sẽ nghĩ ngay đến bộ truyện nổi tiếng đã được chuyển thể thành phim - Kính Vạn Hoa, một bộ phim quá quen thuộc với thế hệ 8x, 9x. Kính Vạn Hoa có nội dung xoay quanh cuộc sống hàng ngày của 3 nhân vật chính Quý ròm, Nhỏ Hạnh và Tiểu Long, kể về những trò nghịch ngợm, thú vị của tuổi học trò, những bài học sâu sắc và ý nghĩa. Tác phẩm được xem như là một cuốn sách tâm lý dành cho mọi lứa tuổi học trò.</p><figure class=\"image\"><img src=\"https://simg.zalopay.com.vn/zlp-website/assets/nna_3_b5db06f3ea.jpg\" alt=\"Nhắc tới nhà văn Nguyễn Nhật Ánh, người ta sẽ nghĩ ngay đến bộ truyện nổi tiếng Kính Vạn Hoa\"><figcaption>Nguồn: nhandan.vn</figcaption></figure><p>Một tác phẩm tiêu biểu khác của nhà văn Nguyễn Nhật Ánh đó là Cho Tôi Xin Một Vé Đi Tuổi Thơ, được xuất bản vào năm 2008. Năm 2009, tác phẩm này được trao tặng giải thưởng Sách hay của Hội Xuất bản Việt Nam và Giải thưởng văn học của Hội Nhà văn Việt Nam. Đến năm 2010, quyển sách này đã giúp nhà văn Nguyễn Nhật Ánh gặt hái được Giải thưởng Văn học Đông Nam Á, hay còn gọi là Giải thưởng Văn học ASEAN. Tác phẩm này hiện đã được tái bản 67 lần với số lượng ấn phẩm lên đến hơn 500.000 quyển. Ngoài ra, tác phẩm này còn được chuyển ngữ sang các ngôn ngữ như tiếng Anh, Hàn Quốc, Thái Lan.</p><p>Các tác phẩm tiêu biểu khác có thể kể đến như Nữ Sinh, Tôi là BêTô, Ngồi khóc trên cây… Một vài tác phẩm đã được chuyển thể thành phim bao gồm Mắt Biếc, Cô gái đến từ hôm qua, Tôi thấy hoa vàng trên cỏ xanh.&nbsp;</p>', 1, '1697792059_nguyennhatanh.jpg', 1, '2023-12-13 17:11:50', 'GNFLdFctqPc', 'nguyennhatanh.mp3'),
(2, '‘Tôi thấy hoa vàng trên cỏ xanh’ - bài ca êm đềm về thời ấu thơ', 'Tác phẩm do Victor Vũ chuyển thể từ truyện dài của Nguyễn Nhật Ánh dẫn người xem vào chuyến du lịch về miền ký ức xưa cũ bằng những khung hình bắt mắt.', '<p>Khi công bố trailer hồi tháng 5, <i><strong>Tôi thấy hoa vàng trên cỏ xanh</strong></i> lập tức trở thành hiện tượng được kỳ vọng bậc nhất của năm. Phim ra rạp trong sự ngóng đợi của hàng loạt người hâm mộ điện ảnh. Tác phẩm dệt nên câu chuyện tuổi thơ ấm áp ở miền quê nghèo khó của Việt Nam xa xưa bằng những khung hình mượt mà, sạch sẽ. Phim có diễn xuất ấn tượng của bộ ba diễn viên nhí và những lời thoại nhấn nhá dễ thương. Tuy nhiên, đây vẫn là một tác phẩm dành cho đại chúng với những yếu tố khiến cho mọi khán giả đều có thể hiểu và cảm nhận được, chứ không mang tính tác giả hay có những sáng tạo nghệ thuật đột phá.</p><figure class=\"image image-style-side\"><img src=\"https://i1-giaitri.vnecdn.net/2022/04/01/HVCX-poster-3364-1443661903-3677-1648784520.jpg?w=680&amp;h=0&amp;q=100&amp;dpr=1&amp;fit=crop&amp;s=lGyKteFbwW8SwBcm3q5Xzg\" alt=\"Poster phim Tôi thấy hoa vàng trên cỏ xanh.\"></figure><p>Poster phim \"Tôi thấy hoa vàng trên cỏ xanh\".</p><p>Phiên bản điện ảnh thừa hưởng lối kể ý nhị, hòa nhiều mảng miếng vụn vặt thành một bức tranh tổng thể từ tiểu thuyết gốc. Toàn bộ tác phẩm là những mẩu chuyện rời rạc, không đầu không cuối về cuộc sống theo nhịp điệu chậm rãi của ba đứa nhỏ ở ngôi làng nghèo ven biển miền Trung Việt Nam cuối những năm 1980. Đặt câu chuyện vào bối cảnh quá khứ, phim tập hợp ký ức của người trưởng thành về ngày thơ bé xa xưa. Chúng hệt như những mảng miếng kỷ niệm tươi sáng về quá khứ u tối và nghèo khổ. Nơi ấy là những ngày cắp sách đến trường với khăn quàng đỏ bay phấp phới trong gió mùa thu. Nơi đó là những ngày thả diều trên sông, những hôm đi bắt ốc, những đợt lũ ngập trắng nhà, những mùa đói ăn cháo cầm hơi, những day dứt về tình anh em hay rung động giới tính đầu đời đầy trong trẻo.</p><p>Victor Vũ tỏ ra là một nhà làm phim có \"chất\" tâm lý tương hợp với nhà văn Nguyễn Nhật Ánh. Anh cụ thể hóa được những hình dung sinh động trong những dòng văn mô tả nhẹ nhàng của tác giả thành những hình ảnh mượt mà. Sự kết hợp giữa chất văn êm đềm của Nguyễn Nhật Ánh và màu phim sạch sẽ của đạo diễn Việt kiều dệt nên một câu chuyện điện ảnh ấm áp, một tổ kén tuổi thơ dung dị của thế hệ 7x và 8x ở Việt Nam.</p><p>Mạch phim không đi theo logic nguyên nhân - kết quả, hướng tới mục tiêu cuối cụ thể, cũng không tăng kịch tính lên đỉnh điểm như thông thường. Thay vào đó, tác phẩm dịu dàng dẫn dắt người xem bằng nhịp điệu của cảm xúc. Những khuôn hình chảy trôi nhẹ nhàng như nhấn khán giả vào chuyến du hành về miền quá khứ. Theo cách này, phim tận dụng yếu tố không gian nhiều hơn là thời gian. Nhịp dựng chậm rãi của phim hệt như nhịp sống dung dị của nhân vật.</p><figure class=\"image image-style-side\"><picture><source srcset=\"https://i1-giaitri.vnecdn.net/2022/04/01/3qB2ruoF2LRFfuZEktPMf0UF2ZuW7o-3193-8026-1648784520.jpg?w=680&amp;h=0&amp;q=100&amp;dpr=1&amp;fit=crop&amp;s=5IyrckWhOdjjahxxeb_yFw\"><img src=\"https://i1-giaitri.vnecdn.net/2022/04/01/3qB2ruoF2LRFfuZEktPMf0UF2ZuW7o-3193-8026-1648784520.jpg?w=680&amp;h=0&amp;q=100&amp;dpr=1&amp;fit=crop&amp;s=5IyrckWhOdjjahxxeb_yFw\" alt=\"Ba nhân vật chính trong phim là hai anh em Tường (trái) - Thiều và cô bé Mận.\"></picture></figure><p>Ba nhân vật chính trong phim là hai anh em Tường (trái) - Thiều và cô bé Mận.</p><p>Hàng loạt khung hình toàn cảnh lột tả vẻ đẹp miền quê Việt Nam gây choáng ngợp với số đông khán giả. Từ đầu tới cuối, các khung hình góc rộng xử lý bằng máy quay flycam (thiết bị ghi hình bay trên cao và điều khiển được từ xa) đưa đến những bức tranh đồng quê miền Trung ngập màu xanh thiên nhiên với đồng lúa rì rào, những con lạch, con suối có trâu bò lướt qua hoặc những ghềnh đá ven biển. Lối quay phim di chuyển máy quay liên tiếp khiến người xem có cảm giác như được ngồi trên trực thăng ngắm cảnh Việt Nam từ trên cao. Những hình ảnh đẹp giống như trong chuyến du lịch đồng quê thanh khiết.</p>', 2, 'tthvtcx.jpg', 1, '2023-12-13 17:11:50', 'wmjiCP6R-7I', 'tthvtcx.mp3'),
(6, 'Nỗi lưu luyến mùa hè của nhà văn Nguyễn Nhật Ánh', 'Sáng 19-9, nhà văn Nguyễn Nhật Ánh đã có buổi ra mắt cuốn sách \"Mùa hè không tên\", do Nhà xuất bản Trẻ phát hành, với số lượng in lần đầu là 80.000 bản.', '<p><br><img src=\"https://nld.mediacdn.vn/thumb_w/684/291774122806476800/2023/9/19/z470653109932541d76b2e3472f6dba3337be5a289d390-16950958160051839338317.jpg\" alt=\"Nỗi lưu luyến mùa hè của nhà văn Nguyễn Nhật Ánh - Ảnh 1.\"></p><p><i>Nhà văn </i><a href=\"https://nld.com.vn/nguyen-nhat-anh.html\"><i>Nguyễn Nhật Ánh</i></a><i> giới thiệu về cuốn sách mới của mình</i></p><p>Nhà văn <a href=\"https://nld.com.vn/nguyen-nhat-anh.html\">Nguyễn Nhật Ánh</a> có một niềm luyến lưu đặc biệt với mùa hè. Ông từng chia sẻ: “Những mùa hè tuổi thơ ngây ngô và nghịch ngợm đó đã đi vào các tác phẩm của tôi một cách tự nhiên. Vì trong ký ức của tôi, đã là học trò thì không thể không gắn với những ngày hè rong chơi thỏa thích. Những mùa hè hoa mộng đó thậm chí đã trở thành nhan đề hai cuốn sách tôi từng xuất bản: Hạ đỏ và Bảy bước tới mùa hè.”</p><p>Và lần này, không khí mùa hè một lần nữa rộn ràng trong tác phẩm mới nhất của nhà văn. Nhưng tại sao lại là \"mùa hè không tên\"?</p><p>\"Đó là mùa hè thật đặc biệt với tôi. Sau mùa hè đó, cuộc sống của tôi đã thay đổi mãi mãi. Vì vậy tôi muốn đặt cho nó một cái tên để nó không giống với những mùa hè khác trong đời tôi mỗi khi tôi nhớ về.</p><p>Tôi định gọi nó là mùa hè chia tay, mùa hè ưu tư, mùa hè định mệnh, hay sến sẩm một chút là mùa hè có mây tím bay nhưng rồi tôi thấy không cái tên nào thật sự phù hợp.</p><p>Cuối cùng, tôi nghĩ nếu cần phải có một cái tên thì tôi sẽ đặt tên cho nó là mùa hè không tên\" - nhà văn <a href=\"https://nld.com.vn/nguyen-nhat-anh.html\">Nguyễn Nhật Ánh</a> kể về tựa đề cuốn sách mới của ông.</p><p><img src=\"https://nld.mediacdn.vn/thumb_w/684/291774122806476800/2023/9/19/z4706530924859ef1e90e0a82ab7c9b1aeb76c919bbfc4-1695095815905877093949.jpg\" alt=\"Nỗi lưu luyến mùa hè của nhà văn Nguyễn Nhật Ánh - Ảnh 3.\"></p><p><i>Nhà văn Nguyễn Nhật Ánh ký tặng sách</i></p><p>\"Mùa hè không tên\" có những câu chuyện tuổi thơ với vô số trò tinh nghịch, những thoáng thinh thích hồi hộp cùng vô vàn kỷ niệm. Để rồi khi những tháng ngày trong sáng của tình bạn dần qua, bọn nhỏ trong mỗi gia đình bình dị lớn lên cùng chứng kiến những giây phút cảm động của câu chuyện tình thân, nỗi khát khao hạnh phúc êm đềm, cùng bỡ ngỡ bước vào tuổi lớn nhiều yêu thương mang cả màu va vấp.</p><p>Thùy Trang, ảnh: Trần Thắng</p>', 3, 'mhkt.webp', 1, '2023-12-13 17:11:50', '', 'mhkt.mp3'),
(7, 'Triệt phá đường dây sản xuất sách giả ở Hà Nội, thu giữ hơn 100 tấn sách', 'Nguyễn Tiến Đạt, Phan Thành Long, Đinh Văn Thịnh cấu kết, tổ chức in ấn sách giả. Công an đã triệt phá đường dây này, thu hơn 100 tấn sách giả.', '<figure class=\"image\"><img src=\"https://media-cdn-v2.laodong.vn/storage/newsportal/2023/1/4/1134478/Sach-Gia2-9367-4526.jpeg?w=660\" alt=\"Triệt phá đường dây sản xuất sách giả ở Hà Nội, thu giữ hơn 100 tấn sách\"></figure><p><i>Kho sản xuất sách giả của Đạt. Ảnh: Ý Hưng</i></p><p>Ngày 4.1, Cơ quan An ninh điều tra Công an Hà Nội thông tin vừa khởi tố, tạm giam các bị can Nguyễn Tiến Đạt (30 tuổi), Phan Thành Long (24 tuổi) và Đinh Văn Thịnh (31 tuổi) về tội \"Sản xuất, buôn bán hàng giả\".<br>&nbsp;</p><p>Trước đó, qua quá trình trinh sát, đơn vị phát hiện đối tượng Nguyễn Tiến Đạt trú tại khu đô thị Nam Trung Yên, phường Yên Hòa, quận Cầu Giấy, Hà Nội thuê nhiều địa điểm thuộc địa bàn huyện Quốc Oai, huyện Thạch Thất để sản xuất, buôn bán số lượng lớn các loại sách không có nguồn gốc xuất xứ.<br>&nbsp;</p><p>Ngày 20.12.2022, các tổ công tác của Phòng An ninh chính trị nội bộ, An ninh điều tra phối hợp với Công an các huyện Thạch Thất, Quốc Oai - Hà Nội và Công an các xã trên địa bàn đã đồng loạt ra quân kiểm tra 8 kho xưởng liên quan đến việc in ấn, kinh doanh <a href=\"https://laodong.vn/phap-luat/vu-32-trieu-sach-giao-khoa-gia-tiep-tuc-truy-to-ong-tran-hung-nhan-hoi-lo-1127850.ldo\">sách giả</a>.<br>&nbsp;</p><p>Tại đây, cơ quan công an thu giữ khoảng 100 tấn sách với hơn 400 đầu sách và gần 400.000 cuốn; 2 máy in 4 màu và 1 màu, 37 máy photocoppy, 6 máy cắt, 10 máy bìa, 1 máy ra kẽm, 2 hệ thống cắt gập (2 máy gấp, 2 máy cán) 200 bản kẽm.</p><p>Kết quả xác minh ban đầu xác định, sách do Đạt rao bán đều là sách giả, không phải của các nhà xuất bản in ấn, phát hành. Quá trình trinh sát phát hiện các đối tượng sử dụng ôtô tải vận chuyển sách từ xưởng photocoppy in ấn đến các kho sách.</p><p>Theo điều tra, năm 2018, Nguyễn Tiến Đạt mở cửa hàng bán sách cũ tại địa chỉ 676 đường Láng, quận Đống Đa, Hà Nội. Quá trình buôn bán sách cũ, bị can thấy nhu cầu của khách hàng nhiều mà nguồn sách không có.</p><p>Khoảng tháng 10-2020, Đạt nảy sinh ý định thuê kho xưởng, mua máy móc sản xuất, đóng gói sách giả để bán cho khách hàng có nhu cầu.<br>&nbsp;</p><p>Đạt rủ Phan Thành Long (cháu họ của Đạt) và Đinh Văn Thịnh góp vốn cùng làm. Long chịu trách nhiệm quản lý công việc tại xưởng in, photocopy. Đạt chịu trách nhiệm điều hành mọi hoạt động sản xuất, mua bán.</p><p>Tuy nhiên, trên thực tế, do Thịnh không có tiền nên chỉ được thuê quản lý xưởng photocoppy cùng Long và được trả lương 9 triệu đồng/tháng.</p><p>Nhóm Đạt, Thịnh, Long đã tổ chức sản xuất, in ấn, đóng gói và buôn bán số lượng lớn sách của nhiều nhà xuất bản khác nhau mà không có bản quyền xuất bản, không có hợp đồng liên kết xuất bản, in ấn và không có giấy phép hoạt động in ấn theo quy định.</p><p>Vụ án đang được mở rộng điều tra.</p>', 4, 'sachlau.jpeg', 1, '2023-12-13 17:11:50', 'WbBRJk5TVfI', 'sachlau.mp3'),
(8, 'Xôn xao bài thơ trong sách giáo khoa dạy trẻ nói dối, Bộ GD&ĐT nói gì?', 'Bộ GD&ĐT lên tiếng trước thông tin phản ánh một số bài thơ trong sách giáo khoa chương trình giáo dục phổ thông mới có nội dung dạy học sinh nói dối.', '<p>Bộ GD&amp;ĐT khẳng định một số ngữ liệu tiếng Việt gây tranh cãi trong các bài thơ như: \"Giã gạo thổi cơm\", \"Bắn tung tóe\", \"Bạn An dũng cảm\", \"Bé xách đỡ mẹ\", \"Vẽ gì khó\"... không có trong sách giáo khoa hiện hành đang được giảng dạy tại các nhà trường.</p><p>Hiện Bộ GD&amp;ĐT đã đề nghị các cơ quan chức năng vào cuộc điều tra nguồn gốc thông tin trên, đồng thời làm rõ trách nhiệm của các cá nhân, tổ chức đăng tải, xuyên tạc, ảnh hưởng uy tín.</p><p><br><img src=\"https://cdn-i.vtcnews.vn/resize/th/upload/2023/10/18/392810694724818496358152827704566299996247n-06410473.jpeg\" alt=\"Bộ GD&amp;ĐT khẳng định bài đồng dao &quot;Giã gạo thổi cơm&quot; không có sách giáo khoa (Ảnh: MOET).\"></p><p>Bộ GD&amp;ĐT khẳng định bài đồng dao \"Giã gạo thổi cơm\" không có sách giáo khoa (Ảnh: MOET).</p><p>Trước đó, mạng xã hội lan truyền hình ảnh chụp trang sách có in bài đồng dao \"Giã gạo thổi cơm\" có nội dung như sau: \"Giã gạo thổi cơm trưa/ Còn thừa để đến tối/ Ai vay thì nói dối/ Nhà tôi hết gạo rồi/ Chống cối lên\". Nhiều ý kiến bình luận cho rằng nội dung của bài mang ý nghĩa xấu khi dạy trẻ con nói dối, không phù hợp để đưa vào sách giáo khoa.</p><p>&nbsp;</p><p>Theo tìm hiểu, thực tế bài đồng dao này nằm trong cuốn \"Nựng nựng nà nà\" thuộc bộ sách \"Đồng dao cho bé\" của Nhà xuất bản Kim Đồng, in năm 2022.&nbsp;</p><p>Ngoài bài đồng dao này, nhiều ngữ liệu văn học khác cũng bị các trang mạng chia sẻ rầm rộ để phê phán sách giáo khoa hiện hành nhưng thực chất không còn được lưu hành.</p><p><img src=\"https://cdn-i.vtcnews.vn/resize/th/upload/2023/10/18/3927650607248187330247958557415715918106401n-06420016.jpeg\" alt=\"Xôn xao bài thơ trong sách giáo khoa dạy trẻ nói dối, Bộ GD&amp;ĐT nói gì? - 2\"></p><p><img src=\"https://cdn-i.vtcnews.vn/resize/th/upload/2023/10/18/3928190587248185163581507289027629785236862n-06420789.jpeg\" alt=\"Xôn xao bài thơ trong sách giáo khoa dạy trẻ nói dối, Bộ GD&amp;ĐT nói gì? - 3\"></p><p>Một số ngữ liệu gây xôn xao. (Ảnh: MOET)</p><p>Những ngữ liệu này từng có mặt trong sách giáo khoa Tiếng Việt 1 công nghệ&nbsp;giáo dục&nbsp;(bộ sách giáo khoa được biên soạn riêng theo công nghệ giáo dục của giáo sư Hồ Ngọc Đại), bộ sách \"Thực hành kỹ năng sống\" của Nhà xuất bản Giáo dục hoặc truyện Ehon...</p><p>Ngoài ra, hiện dư luận cũng đang tranh cãi về bài thơ \"Bắt nạt\" của tác giả Nguyễn Thế Hoàng Linh in trong sách giáo khoa ngữ văn 6 bộ \"Kết nối tri thức với cuộc sống\" bị phản ứng mạnh mẽ, bài thơ khác có tên \"Con chào mào\" của tác giả Mai Văn Phấn cũng bị cho là kém chất lượng. Hiện Bộ GD&amp;ĐT, các đơn vị biên soạn, nhà xuất bản chưa lên tiếng trước những phản ứng trái chiều từ dư luận.</p><p><strong>HÀ CƯỜNG</strong></p>', 4, 'baithobatnat.webp', 1, '2023-12-13 17:11:50', 'edPQVAaXtqA', 'batnat.mp3'),
(9, 'Bộ GD&ĐT kiểm tra việc biên soạn, đấu thầu, in và phát hành sách giáo khoa', 'Thủ tướng giao Bộ Giáo dục và Đào tạo thực hiện ngay kiểm tra, giám sát việc tổ chức biên soạn, đấu thầu, in và phát hành sách giáo khoa', '<p>Ngày 16/8, Thủ tướng Phạm Minh Chính ký công điện yêu cầu một số Bộ liên quan và UBND các tỉnh, thành phố bảo đảm sách giáo khoa và giáo viên kịp thời cho năm học 2023 - 2024.&nbsp;&nbsp;</p><p>Thủ tướng nhìn nhận, việc biên soạn, lựa chọn, in ấn, phát hành sách giáo khoa còn chậm; ở nhiều địa phương đội ngũ giáo viên còn thừa thiếu cục bộ, số lượng giáo viên chưa đáp ứng theo quy định, công tác tuyển dụng giáo viên còn gặp nhiều khó khăn; chế độ chính sách còn bất cập, cần điều chỉnh phù hợp, hiệu quả.</p><p><img src=\"https://cdn-i.vtcnews.vn/resize/th/upload/2023/08/16/sach-giao-khoa-16470184.jpg\" alt=\"Thủ tướng yêu cầu bảo đảm sách giáo khoa và giáo viên kịp thời cho năm học 2023 - 2024.\"></p><p>Thủ tướng yêu cầu bảo đảm sách giáo khoa và giáo viên kịp thời cho năm học 2023 - 2024.</p><p>Để đảm bảo điều kiện triển khai thực hiện nhiệm vụ năm học 2023 - 2024 hiệu quả, chất lượng đáp ứng yêu cầu Chương trình giáo dục phổ thông, giáo dục mầm non, Thủ tướng yêu cầu Bộ Giáo dục và Đào tạo chỉ đạo, đôn đốc các nhà xuất bản, tổ chức, cá nhân tham gia biên soạn sách giáo khoa thực hiện rà soát, công tác biên soạn quy trình thực hiện và đấu thầu rộng rãi, công khai, minh bạch về việc in, phát hành sách giáo khoa bảo đảm tăng chất lượng, giảm giá thành.</p><p>Đồng thời, Bộ Giáo dục và Đào tạo cần thực hiện ngay kiểm tra, giám sát việc tổ chức biên soạn, đấu thầu, in và phát hành sách giáo khoa.</p><p>Bộ Giáo dục và Đào tạo cũng được giao nhiệm vụ chỉ&nbsp;đạo các địa phương tăng cường trách nhiệm về việc rà soát công tác biên soạn lựa chọn, cung ứng, sử dụng sách giáo khoa, tài liệu giáo dục của địa phương, tài liệu tham khảo theo đúng quy định.</p><p>Bộ cần có phương án hỗ trợ sách giáo khoa cho các đối tượng học sinh hộ nghèo, cận nghèo, học sinh thuộc đối tượng chính sách, học sinh có hoàn cảnh khó khăn, yếu thế, vùng sâu, vùng xa, đồng bào dân tộc thiểu số, bảo đảm đầy đủ, thuận lợi trước thềm năm học mới.</p><p>Bên cạnh đó, Bộ Giáo dục và Đào tạo phối hợp với Bộ Nội vụ chỉ đạo tổ chức tuyển dụng giáo viên, thực hiện rà soát, cơ cấu lại, bố trí, sử dụng giáo viên bảo đảm đủ giáo viên dạy đúng, đủ các môn học theo quy định; thực hiện linh hoạt phương án điều chuyển, biệt phái giáo viên từ nơi thừa sang nơi thiếu; chủ động xây dựng các phương án để có nguồn tuyển dụng giáo viên kịp thời, phù hợp, hiệu quả với điều kiện cụ thể tại địa phương.</p><p>Người đứng đầu Chính phủ giao Bộ Nội vụ kiểm tra, đôn đốc các địa phương khẩn trương thực hiện việc cơ cấu lại, sắp xếp, tuyển dụng giáo viên theo chỉ tiêu biên chế được phân bổ theo Quyết định số 72 của Bộ Chính trị bảo đảm về số lượng và chất lượng.</p><p>Bộ Nội vụ hướng dẫn các địa phương thực hiện Nghị định số 111/2022 của Chính phủ trong trường hợp chưa thể bố trí đủ giáo viên theo định mức bảo đảm thực hiện chủ trương \"có học sinh, phải có giáo viên đứng lớp\" phù hợp, hiệu quả.</p><p>Bộ Nội vụ khẩn trương rà soát, kiểm tra, tổng hợp nhu cầu giáo viên năm học 2023-2024 còn thiếu của các địa phương, báo cáo Thủ tướng để trình cấp có thẩm quyền xem xét, quyết định.</p><p>Theo công điện của Thủ tướng,&nbsp;Bộ Tài chính có trách nhiệm kiểm tra địa phương thực hiện bảo đảm mức chi tối thiểu 20% ngân sách địa phương cho giáo dục theo quy định của Luật Giáo dục 2019 và Quyết định số 30/2021 của Thủ tướng.</p><p>Về phía UBND tỉnh, thành phố trực thuộc Trung ương, Thủ tướng giao rà soát, kiểm tra, đôn đốc đảm bảo đủ cơ sở vật chất, thiết bị giáo dục trước thềm năm học mới. Khẩn trương xây dựng kế hoạch, tuyển dụng số biên chế được giao theo Quyết định số 72 của Bộ Chính trị.</p><p>Khẩn trương khắc phục tình trạng cơ cấu đội ngũ giáo viên còn bất cập giữa các cấp học và các địa bàn của địa phương; thực hiện linh hoạt, bố trí, sắp xếp giáo viên bảo đảm đủ về số lượng, đồng bộ về cơ cấu; trong trường hợp chưa thể tuyển dụng đủ giáo viên theo định mức thì thực hiện các giải pháp hợp đồng giáo viên theo Nghị định số 111/2022 của Chính phủ.</p><p>Thủ tướng yêu cầu các địa phương phối&nbsp;hợp với các nhà xuất bản tổ chức việc cung ứng sách giáo khoa trên địa bàn, bảo đảm chất lượng; tuyệt đối không để xảy ra tình trạng chậm, thiếu sách giáo khoa hoặc tăng giá bất hợp lý trước khi khai giảng năm học mới.</p><p>Ngoài ra phải có phương án hỗ trợ sách giáo khoa cho các đối tượng học sinh hộ nghèo, cận nghèo, học sinh thuộc đối tượng chính sách, học sinh có hoàn cảnh khó khăn, yếu thế, vùng sâu, vùng xa, đồng bào dân tộc thiểu số, bảo đảm đầy đủ, thuận lợi trước thềm năm học mới.</p><p><strong>ANH VĂN</strong></p>', 4, 'bgddtkt.webp', 1, '2023-12-13 17:11:50', '', 'sgk.mp3');

-- --------------------------------------------------------

--
-- Table structure for table `article_categories`
--

CREATE TABLE `article_categories` (
  `id` int(11) NOT NULL,
  `name` varchar(50) NOT NULL,
  `status` int(11) NOT NULL
) ENGINE=InnoDB DEFAULT CHARSET=utf8 COLLATE=utf8_unicode_ci;

--
-- Dumping data for table `article_categories`
--

INSERT INTO `article_categories` (`id`, `name`, `status`) VALUES
(1, 'Giới thiệu tác giả nổi tiếng', 1),
(2, 'Giới thiệu phim chuyển thể từ truyện', 1),
(3, 'Giới thiệu sách mới', 1),
(4, 'Tin tức chung', 1);

-- --------------------------------------------------------

--
-- Table structure for table `article_comments`
--

CREATE TABLE `article_comments` (
  `id` int(11) NOT NULL,
  `memberId` int(11) NOT NULL,
  `articleId` int(11) NOT NULL,
  `date` timestamp NOT NULL DEFAULT current_timestamp() ON UPDATE current_timestamp(),
  `content` tinytext NOT NULL,
  `status` tinyint(1) NOT NULL DEFAULT 1
) ENGINE=InnoDB DEFAULT CHARSET=utf8 COLLATE=utf8_unicode_ci;

-- --------------------------------------------------------

--
-- Table structure for table `authors`
--

CREATE TABLE `authors` (
  `id` int(11) NOT NULL,
  `name` varchar(50) NOT NULL,
  `image` varchar(50) NOT NULL,
  `status` tinyint(1) NOT NULL DEFAULT 1
) ENGINE=InnoDB DEFAULT CHARSET=utf8 COLLATE=utf8_unicode_ci;

--
-- Dumping data for table `authors`
--

INSERT INTO `authors` (`id`, `name`, `image`, `status`) VALUES
(1, 'Nguyễn Nhật Ánh', 'nguyennhatanh.jpg', 1),
(2, 'Nguyễn Duy Cần', '', 1),
(3, 'Giác Minh Luật', 'giacminhluat.png', 1),
(4, 'Vũ Trọng Phụng', '', 1),
(5, 'Thích Nhất Hạnh', 'thichnhathanh.webp', 1),
(7, 'Bát Nguyệt Trường An', 'batnguyettruongan.webp', 1),
(8, 'Nhiều Tác Giả', '', 1),
(9, 'Luis Sepulveda', '', 1),
(10, 'Đào Hải', 'daohai.jpg', 1),
(11, 'Lưu Hiểu Huy', '', 1),
(12, 'Higashino Keigo', '', 1),
(13, 'Richard Holloway', 'holloway.jpg', 1),
(14, 'Hemma', '', 1),
(15, 'Lê Thành Khôi', '', 1),
(16, 'Ben Wilson', '', 1),
(17, 'Phan Huy Xu', '', 1),
(18, 'Trần Quang Đức', 'tranquangduc.jpg', 1),
(19, 'Nguyễn Phong Việt', 'npv.jpg', 1),
(20, 'Tây Tử Tự', '', 1),
(21, 'Lưu Khánh Bang', '', 1),
(24, 'Giá Oản Trúc', '', 1),
(25, 'Nguyễn Quang Ngọc', '', 1),
(26, 'Hoàng Cao Khải', '', 1),
(27, 'Jennifer Moore - Mallinos', '', 1),
(28, 'Đào Thiên An', '', 1),
(29, 'Lý Kiệt', '', 1),
(30, 'Mèo Maverick', '', 1),
(31, 'Yuji Akaba', '', 1),
(32, 'Hidehiko Hamada', '', 1),
(33, 'Đại Minh', '', 1),
(34, 'Hàn Ni', '', 1),
(35, 'Tống Mặc', '', 1),
(36, 'Vex King', '', 1),
(37, 'T.J.Klune', '', 1),
(38, 'Henryk Sienkiewicz', '', 1),
(39, 'Nina George', '', 1),
(40, 'Toni Morrison', '', 1),
(41, 'Delia Owens', '', 1),
(42, 'Jeffrey Archer', '', 1),
(43, 'Ở Đây Zui Nè', '', 1),
(44, 'Miguel De Cervantes', '', 1),
(45, 'Annie Ernaux', '', 1),
(46, 'Neil Gaiman', '', 1),
(47, 'GUILLERMO DEL TORO', '', 1),
(48, 'Emily Bronte', '', 1),
(49, 'Rudyard Kipling', '', 1),
(50, 'Francis Scott Key Fitzgerald', '', 1),
(51, 'Ernest Hemingway', '', 1),
(52, 'Shannon Thomas', '', 1),
(53, 'Trung tâm Nghiên cứu Tâm lí Tiểu Hòa', '', 1),
(54, 'Ez Psychology', '', 1),
(55, 'Ma Nữ Sha Sha', '', 1),
(56, 'Gustave Le Bon', '', 1),
(57, 'Trần Phách Hàm', '', 1),
(58, 'Huy Đức', '', 1),
(59, 'TS. Phạm Toàn', '', 1),
(60, 'Vũ Chí Hồng', '', 1),
(61, 'Abigail Baird', '', 1),
(62, 'Trần Ngọc Thêm', '', 1),
(63, 'Nguyễn Phạm Hùng', '', 1),
(64, 'Tăng Bình - Ái Phương', '', 1),
(65, 'Nguyễn Văn Kự', '', 1),
(66, 'Hữu Ngọc', '', 1),
(67, 'Nguyễn Hạnh', '', 1),
(68, 'Satoshi Noguchi', '', 1),
(69, 'Nguyễn Phước Hải Trung', '', 1),
(70, 'Trần Ngọc Khánh', '', 1),
(71, 'Nguyễn Hữu Hiếu', '', 1);

-- --------------------------------------------------------

--
-- Table structure for table `cart`
--

CREATE TABLE `cart` (
  `id` int(11) NOT NULL,
  `product_id` int(11) NOT NULL,
  `product_name` varchar(50) NOT NULL,
  `product_image` varchar(50) NOT NULL,
  `product_price` int(11) NOT NULL,
  `member_id` int(11) NOT NULL,
  `quantity` int(11) NOT NULL
) ENGINE=InnoDB DEFAULT CHARSET=utf8 COLLATE=utf8_unicode_ci;

--
-- Dumping data for table `cart`
--

INSERT INTO `cart` (`id`, `product_id`, `product_name`, `product_image`, `product_price`, `member_id`, `quantity`) VALUES
(85, 43, 'Mùa Hè Không Tên (Bìa Cứng)', 'mhkt.webp', 195000, 10, 1),
(86, 21, 'Vẻ Đẹp Của Sự Cô Đơn', 'vdcscd.webp', 95000, 10, 1);

-- --------------------------------------------------------

--
-- Table structure for table `categories`
--

CREATE TABLE `categories` (
  `id` int(11) NOT NULL,
  `name` varchar(30) NOT NULL,
  `status` int(11) NOT NULL
) ENGINE=InnoDB DEFAULT CHARSET=utf8 COLLATE=utf8_unicode_ci;

--
-- Dumping data for table `categories`
--

INSERT INTO `categories` (`id`, `name`, `status`) VALUES
(1, 'Sách Văn Học', 1),
(2, 'Sách Kỹ Năng', 1),
(3, 'Sách Thiếu Nhi', 1),
(4, 'Sách Nước Ngoài', 1),
(5, 'Truyện Tranh', 1),
(6, 'Sách Trinh Thám', 1),
(7, 'Sách Tôn Giáo', 1),
(8, 'Sách Tâm Lý - Giới tính', 1),
(9, 'Sách Lịch Sử', 1),
(10, 'Sách Văn Hóa - Du Lịch', 1);

-- --------------------------------------------------------

--
-- Table structure for table `comments`
--

CREATE TABLE `comments` (
  `id` int(11) NOT NULL,
  `memberId` int(11) NOT NULL,
  `productId` int(11) NOT NULL,
  `date` datetime NOT NULL,
  `content` tinytext NOT NULL,
  `status` tinyint(1) NOT NULL DEFAULT 0
) ENGINE=InnoDB DEFAULT CHARSET=utf8 COLLATE=utf8_unicode_ci;

--
-- Dumping data for table `comments`
--

INSERT INTO `comments` (`id`, `memberId`, `productId`, `date`, `content`, `status`) VALUES
(1, 1, 2, '2023-09-27 19:33:53', 'comment test 1', 0),
(2, 1, 5, '2023-09-27 19:34:37', 'comment test 2', 0),
(3, 1, 5, '2023-09-27 19:35:55', 'comment test 3', 0),
(4, 1, 5, '2023-09-27 19:36:03', 'comment test 3', 0),
(5, 1, 5, '2023-09-27 19:36:11', 'test 5', 0),
(17, 1, 2, '2023-09-27 22:30:57', 'alo', 0),
(18, 1, 5, '2023-09-28 17:49:17', 'áaa', 0),
(19, 1, 5, '2023-09-28 17:53:16', 'mmm', 0),
(20, 1, 5, '2023-09-28 18:05:14', 'abc', 0),
(21, 1, 5, '2023-09-28 18:09:15', 'abc', 0),
(22, 1, 5, '2023-09-28 18:09:27', 'abc', 0),
(23, 1, 2, '2023-09-28 18:12:09', 'mmmmm', 0),
(24, 1, 2, '2023-09-28 18:13:10', 'mmmmm', 0),
(25, 1, 16, '2023-09-30 20:25:22', '12', 0),
(26, 1, 28, '2023-09-30 20:42:00', 'alo', 0),
(27, 1, 28, '2023-09-30 20:43:00', 'alo', 0),
(28, 2, 20, '2023-09-30 22:26:10', 'xin chào', 0),
(29, 1, 16, '2023-10-13 15:27:20', 'alo', 0),
(30, 1, 16, '2023-10-13 15:27:53', 'sách hay', 0),
(31, 10, 16, '2023-10-29 20:07:24', 'xin chào', 0),
(32, 10, 45, '2023-10-29 20:12:46', 'ok nhá bạn', 0);

-- --------------------------------------------------------

--
-- Table structure for table `member`
--

CREATE TABLE `member` (
  `id` int(11) NOT NULL,
  `username` varchar(20) NOT NULL,
  `password` varchar(32) NOT NULL,
  `fullname` varchar(50) NOT NULL,
  `phonenumber` varchar(11) NOT NULL,
  `address` varchar(100) NOT NULL,
  `email` varchar(50) DEFAULT NULL,
  `status` tinyint(1) NOT NULL DEFAULT 1
) ENGINE=InnoDB DEFAULT CHARSET=utf8 COLLATE=utf8_unicode_ci;

--
-- Dumping data for table `member`
--

INSERT INTO `member` (`id`, `username`, `password`, `fullname`, `phonenumber`, `address`, `email`, `status`) VALUES
(1, 'user', 'e10adc3949ba59abbe56e057f20f883e', 'Lương Minh Anh', '0357227222', 'Hà Nội', 'luongminhanh.thcstm@gmail.com', 1),
(2, 'user1', '16bc9ae9cd9b79843713fc4646981ba9', 'User 1', '01232323232', 'Hà Nội', 'luongminhanh.thcstm@gmail.com', 1),
(5, 'minhanh20', 'd41d8cd98f00b204e9800998ecf8427e', 'Lương Minh Anh', '0357227195', 'Đại học Công Nghiệp Hà Nội', 'luongminhanh.thcstm@gmail', 0),
(6, 'minh12', 'd41d8cd98f00b204e9800998ecf8427e', 'abcd', '0357227195', 'ha noi', 'minh@gmail.com', 1),
(7, 'user3', 'e10adc3949ba59abbe56e057f20f883e', 'minhanh', '0234567890', 'ggg', 'mk@GMAIL.COM', 0),
(8, 'minhanh12345', 'e10adc3949ba59abbe56e057f20f883e', 'minhanh', '0123456792', 'â', 'a@gmail.com', 1),
(9, 'mia', 'd41d8cd98f00b204e9800998ecf8427e', 'minh anh', '01657227195', 'hà nội', 'anh@gmail.com', 1),
(10, 'minh11', 'e10adc3949ba59abbe56e057f20f883e', 'minha nh', '0982837373', '32', 'a@gmail.com', 1),
(11, 'anh123', 'e10adc3949ba59abbe56e057f20f883e', 'mìdweh', '0345676564', 'mdowiud', 'a@gmail.com', 1),
(15, 'user22', 'e67c10a4c8fbfc0c400e047bb9a056a1', 'Anh Minh Lương', '22', 'Trường ĐH Công Nghiệp Hà Nội Khu A', 'luongminhanh.haui@gmail.com', 1),
(16, 'admin', '9cbf8a4dcb8e30682b927f352d6559a0', 'Anh Minh Lương', '16456', 'Trường ĐH Công Nghiệp Hà Nội Khu A', 'luongminhanh@auigmail.com', 1),
(17, 'user111', '9cbf8a4dcb8e30682b927f352d6559a0', 'ưdqwd', '015đư', 'dqwdwq', '111@gmail.com', 1),
(18, 'user122', '9cbf8a4dcb8e30682b927f352d6559a0', 'dựbe', '0379739', 'sfdf', 'abc@gmail.com', 1),
(19, 'tran', '9cbf8a4dcb8e30682b927f352d6559a0', 'Nguyễn Văn Trân', '0387658761', 'ĐH Công Nghiệp Hà Nội', 'tran@gmail.com', 1),
(20, 'anh456', '9cbf8a4dcb8e30682b927f352d6559a0', 'Anh Minh Lương', '0357227185', 'Trường ĐH Công Nghiệp Hà Nội Khu A', 'luongminhanh.haui@gmail.com', 1),
(21, 'user172', 'defe12aad396f90e6b179c239de260d4', 'Lương Minh Anh', '0357227195', 'Trường ĐH Công Nghiệp Hà Nội Khu A', 'luongminhanh.haui@gmail.com', 1),
(22, 'abc', '4819527c203219faf02b03b89924573d', 'Anh Minh Lương', '0387658761', 'Trường ĐH Công Nghiệp Hà Nội Khu A', 'luongminhanh.haui@gmail.com', 1);

-- --------------------------------------------------------

--
-- Table structure for table `orders`
--

CREATE TABLE `orders` (
  `id` int(11) NOT NULL,
  `order_method_id` int(11) NOT NULL,
  `member_id` int(11) NOT NULL,
  `order_date` datetime NOT NULL DEFAULT current_timestamp(),
  `status` tinyint(1) NOT NULL DEFAULT 1 COMMENT '1: Chưa xử lý; 2: Đang xử lý; 3: Đã xử lý; 4: Hủy',
  `receiver` varchar(50) NOT NULL,
  `address` varchar(150) NOT NULL,
  `phone` varchar(12) NOT NULL,
  `email` varchar(30) DEFAULT NULL,
  `note` varchar(200) NOT NULL
) ENGINE=InnoDB DEFAULT CHARSET=utf8 COLLATE=utf8_unicode_ci;

--
-- Dumping data for table `orders`
--

INSERT INTO `orders` (`id`, `order_method_id`, `member_id`, `order_date`, `status`, `receiver`, `address`, `phone`, `email`, `note`) VALUES
(55, 1, 10, '2023-11-13 14:28:16', 1, 'minha nh', '32', '982837373', 'a@gmail.com', ''),
(56, 5, 10, '2023-11-13 14:28:32', 1, 'minha nh', '32', '982837373', 'a@gmail.com', ''),
(57, 5, 10, '2023-11-13 14:29:03', 1, 'minha nh', '32', '982837373', 'a@gmail.com', ''),
(58, 1, 10, '2023-11-14 22:09:22', 1, 'minha nh', '32', '982837373', 'a@gmail.com', 'tặng quà cho tôi nhé :))'),
(59, 1, 10, '2023-11-14 22:09:29', 1, 'minha nh', '32', '982837373', 'a@gmail.com', 'tặng quà cho tôi nhé :))'),
(60, 1, 10, '2023-11-14 22:15:27', 1, 'minha nh', '32', '982837373', 'a@gmail.com', 'tặng quà cho tôi nhé :))'),
(61, 1, 10, '2023-11-14 22:17:53', 1, 'minha nh', '32', '982837373', 'a@gmail.com', ''),
(62, 1, 10, '2023-11-14 22:19:25', 1, 'minha nh', '32', '982837373', 'a@gmail.com', ''),
(63, 1, 10, '2023-11-14 22:21:10', 1, 'minha nh', '32', '982837373', 'a@gmail.com', ''),
(64, 1, 10, '2023-11-14 22:21:23', 1, 'minha nh', '32', '982837373', 'a@gmail.com', ''),
(65, 1, 10, '2023-11-14 22:25:09', 1, 'minha nh', '32', '982837373', 'a@gmail.com', ''),
(66, 1, 10, '2023-11-14 22:27:35', 1, 'minha nh', '32', '982837373', 'a@gmail.com', ''),
(67, 1, 1, '2023-11-18 20:22:39', 1, 'User Test', 'Hà Nội', '357217213', 'user@gmail.com', ''),
(69, 1, 1, '2023-11-19 10:41:35', 1, 'User Test', 'Hà Nội', '357217213', 'user@gmail.com', ''),
(70, 1, 1, '2023-11-19 10:43:40', 1, 'User Test', 'Hà Nội', '357217213', 'user@gmail.com', ''),
(71, 1, 1, '2023-11-19 15:57:58', 1, 'User Test', 'Hà Nội', '357217213', 'user@gmail.com', ''),
(73, 5, 1, '2023-11-20 10:02:40', 1, 'User Test', 'Hà Nội', '357217213', 'user@gmail.com', ''),
(74, 5, 1, '2023-11-20 10:08:00', 1, 'User Test', 'Hà Nội', '357217213', 'user@gmail.com', ''),
(75, 5, 1, '2023-11-20 10:10:04', 1, 'User Test', 'Hà Nội', '357217213', 'user@gmail.com', ''),
(76, 5, 1, '2023-11-20 10:10:21', 1, 'User Test', 'Hà Nội', '357217213', 'user@gmail.com', ''),
(77, 5, 1, '2023-11-20 10:11:07', 1, 'User Test', 'Hà Nội', '357217213', 'user@gmail.com', ''),
(78, 1, 1, '2023-11-20 15:35:30', 2, 'User Test', 'Hà Nội', '357217213', 'user@gmail.com', ''),
(79, 5, 1, '2023-11-20 15:48:32', 1, 'User Test', 'Hà Nội', '357217213', 'user@gmail.com', ''),
(80, 5, 1, '2023-11-20 15:52:34', 1, 'User Test', 'Hà Nội', '357217213', 'user@gmail.com', ''),
(81, 1, 1, '2023-11-20 15:58:19', 2, 'User Test', 'Hà Nội', '357217213', 'user@gmail.com', ''),
(82, 1, 1, '2023-11-20 16:00:29', 3, 'User Test', 'Hà Nội', '357217213', 'user@gmail.com', ''),
(83, 4, 1, '2023-11-20 20:31:22', 3, '', '', '', NULL, ''),
(85, 4, 1, '2023-11-20 21:03:23', 2, 'User Test', 'Hà Nội', '0357217213', 'user@gmail.com', ''),
(86, 5, 1, '2023-11-20 21:33:49', 4, 'User Test', 'Hà Nội', '357217213', 'user@gmail.com', ''),
(87, 5, 1, '2023-11-20 21:36:39', 4, 'User Test', 'Hà Nội', '357217213', 'user@gmail.com', ''),
(88, 4, 1, '2023-11-20 22:50:01', 1, 'User Test', 'Hà Nội', '0357217213', 'user@gmail.com', ''),
(89, 5, 18, '2023-11-28 11:32:54', 4, 'Lương Minh Anh', 'Trường ĐH Công Nghiệp HN cs1', '37568974', 'abc@gmail.com', 'ko'),
(90, 5, 18, '2023-11-28 11:44:44', 4, 'dựbe', 'sfdf', '379739', 'abc@gmail.com', ''),
(91, 1, 18, '2023-11-28 13:02:20', 1, 'dựbe', 'sfdf', '379739', 'abc@gmail.com', ''),
(92, 5, 18, '2023-11-28 13:05:20', 4, 'dựbe', 'sfdf', '379739', 'abc@gmail.com', ''),
(93, 1, 1, '2023-11-28 17:31:33', 1, 'User Test', 'Hà Nội', '357217213', 'user@gmail.com', ''),
(94, 1, 1, '2023-12-06 20:27:19', 1, 'User Test', 'Hà Nội', '357217213', 'luongminhanh@gmail.com', 'Giao trước 10/12 giúp tôi'),
(95, 1, 1, '2023-12-06 20:30:50', 1, 'User Test', 'Hà Nội', '357217213', 'luongminhanh.thcstm@gmail.com', 'Có tặng quà gì ko'),
(96, 1, 1, '2023-12-06 20:36:08', 1, 'User Test', 'Hà Nội', '357217213', 'luongminhanh.thcstm@gmail.com', ''),
(97, 3, 1, '2023-12-12 11:05:33', 1, 'User Test', 'Hà Nội', '0357217213', 'luongminhanh.thcstm@gmail.com', ''),
(98, 3, 1, '2023-12-12 11:07:35', 1, 'User Test', 'Hà Nội', '0357217213', 'luongminhanh.thcstm@gmail.com', ''),
(99, 3, 1, '2023-12-12 11:55:21', 1, 'User Test', 'Hà Nội', '0357217213', 'luongminhanh.thcstm@gmail.com', ''),
(100, 3, 1, '2023-12-12 17:47:38', 1, 'User Test', 'Hà Nội', '0357217213', 'luongminhanh.thcstm@gmail.com', ''),
(101, 4, 19, '2023-12-13 09:49:31', 1, 'Nguyễn Văn Trân', 'ĐH Công Nghiệp Hà Nội', '0387658761', 'tran@gmail.com', ''),
(102, 1, 20, '2023-12-18 15:30:10', 4, 'Anh Minh Lương', 'Trường ĐH Công Nghiệp Hà Nội Khu A', '357227185', 'luongminhanh.haui@gmail.com', 'nhẹ tay hàng dễ hỏng'),
(103, 1, 20, '2023-12-18 15:31:23', 3, 'Anh Minh Lương', 'Trường ĐH Công Nghiệp Hà Nội Khu A', '357227185', 'luongminhanh.haui@gmail.com', ''),
(104, 4, 20, '2023-12-18 15:35:52', 1, 'Anh Minh Lương', 'Trường ĐH Công Nghiệp Hà Nội Khu A', '0357227185', 'luongminhanh.haui@gmail.com', ''),
(105, 1, 21, '2023-12-19 15:27:28', 4, 'Nguyễn Văn A', 'Nam Từ Liêm Hà Nội', '357227195', 'luongminhanh.haui@gmail.com', 'Giao nhanh giúp tôi'),
(106, 4, 21, '2023-12-19 15:30:47', 3, 'Lương Minh Anh', 'Trường ĐH Công Nghiệp Hà Nội Khu A', '0357227195', 'luongminhanh.haui@gmail.com', ''),
(107, 3, 21, '2023-12-19 15:46:48', 4, 'Lương Minh Anh', 'Trường ĐH Công Nghiệp Hà Nội Khu A', '0357227195', 'luongminhanh.haui@gmail.com', ''),
(108, 3, 21, '2023-12-19 15:47:57', 1, 'Lương Minh Anh', 'Trường ĐH Công Nghiệp Hà Nội Khu A', '0357227195', 'luongminhanh.haui@gmail.com', ''),
(109, 4, 22, '2023-12-19 18:37:34', 4, 'Anh Minh Lương', 'Trường ĐH Công Nghiệp Hà Nội Khu A', '0387658761', 'luongminhanh.haui@gmail.com', '');

-- --------------------------------------------------------

--
-- Table structure for table `order_detail`
--

CREATE TABLE `order_detail` (
  `productId` int(11) NOT NULL,
  `orderId` int(11) NOT NULL,
  `quantity` int(11) NOT NULL,
  `price` int(11) NOT NULL
) ENGINE=InnoDB DEFAULT CHARSET=utf8 COLLATE=utf8_unicode_ci;

--
-- Dumping data for table `order_detail`
--

INSERT INTO `order_detail` (`productId`, `orderId`, `quantity`, `price`) VALUES
(2, 58, 1, 63000),
(2, 83, 1, 63000),
(2, 90, 1, 63000),
(2, 91, 1, 63000),
(5, 58, 1, 103000),
(5, 61, 1, 103000),
(5, 80, 2, 103000),
(5, 81, 2, 103000),
(5, 82, 1, 103000),
(5, 83, 1, 103000),
(5, 108, 1, 103000),
(5, 109, 2, 103000),
(13, 96, 1, 126000),
(13, 97, 1, 126000),
(15, 58, 2, 103000),
(15, 62, 1, 103000),
(15, 70, 1, 103000),
(16, 71, 2, 440000),
(18, 94, 1, 54000),
(18, 95, 1, 54000),
(19, 100, 1, 89000),
(19, 101, 1, 89000),
(21, 67, 1, 95000),
(21, 81, 1, 95000),
(21, 82, 1, 95000),
(22, 55, 1, 54000),
(22, 67, 1, 54000),
(22, 69, 1, 54000),
(22, 85, 1, 54000),
(22, 86, 1, 54000),
(22, 87, 1, 54000),
(22, 88, 2, 54000),
(24, 95, 1, 113500),
(24, 96, 1, 113500),
(25, 58, 1, 100000),
(26, 75, 1, 25000),
(27, 65, 1, 75000),
(27, 86, 1, 75000),
(27, 87, 1, 75000),
(27, 91, 1, 75000),
(27, 92, 1, 75000),
(28, 89, 1, 290000),
(28, 90, 1, 290000),
(28, 98, 1, 290000),
(28, 99, 1, 290000),
(29, 70, 1, 35000),
(29, 76, 1, 35000),
(29, 80, 1, 35000),
(29, 81, 1, 35000),
(29, 90, 1, 35000),
(29, 91, 1, 35000),
(30, 88, 1, 35000),
(30, 89, 1, 35000),
(31, 73, 1, 35000),
(31, 79, 1, 35000),
(31, 80, 1, 35000),
(31, 81, 1, 35000),
(31, 82, 1, 35000),
(31, 88, 1, 35000),
(31, 89, 2, 35000),
(32, 88, 1, 102000),
(32, 92, 1, 102000),
(32, 93, 1, 102000),
(34, 69, 2, 102000),
(37, 64, 1, 35000),
(37, 83, 1, 35000),
(37, 85, 1, 35000),
(37, 104, 1, 35000),
(38, 88, 1, 156000),
(38, 92, 1, 156000),
(38, 93, 1, 156000),
(39, 77, 1, 303000),
(41, 74, 1, 279500),
(41, 88, 1, 279500),
(42, 73, 1, 103500),
(42, 101, 1, 103500),
(44, 82, 1, 466000),
(44, 83, 1, 466000),
(44, 97, 1, 466000),
(44, 98, 1, 466000),
(45, 95, 1, 110000),
(45, 96, 1, 110000),
(47, 55, 1, 160000),
(47, 83, 1, 160000),
(48, 78, 1, 140000),
(48, 93, 1, 140000),
(48, 94, 1, 140000),
(49, 57, 1, 60000),
(55, 100, 1, 115000),
(55, 101, 1, 115000),
(58, 100, 1, 19000),
(58, 101, 1, 19000),
(61, 100, 1, 19000),
(61, 101, 1, 19000),
(81, 103, 1, 112201),
(81, 104, 3, 112201),
(91, 101, 1, 76000),
(91, 102, 1, 76000),
(97, 102, 1, 125000),
(97, 103, 1, 125000),
(112, 107, 1, 37000),
(112, 108, 1, 37000),
(114, 101, 1, 109400),
(114, 102, 2, 109400),
(117, 102, 1, 103000),
(117, 103, 1, 103000),
(128, 105, 1, 298350),
(128, 106, 1, 298350),
(131, 104, 1, 190000),
(131, 105, 2, 190000);

-- --------------------------------------------------------

--
-- Table structure for table `order_methods`
--

CREATE TABLE `order_methods` (
  `id` int(11) NOT NULL,
  `name` varchar(50) NOT NULL,
  `status` tinyint(1) NOT NULL DEFAULT 1
) ENGINE=InnoDB DEFAULT CHARSET=utf8 COLLATE=utf8_unicode_ci;

--
-- Dumping data for table `order_methods`
--

INSERT INTO `order_methods` (`id`, `name`, `status`) VALUES
(1, 'Thanh toán khi nhận hàng', 1),
(2, 'Chuyển khoản', 0),
(3, 'ONEPAY', 0),
(4, 'Paypal', 0),
(5, 'VNPAY', 1);

-- --------------------------------------------------------

--
-- Table structure for table `products`
--

CREATE TABLE `products` (
  `id` int(11) NOT NULL,
  `author_id` int(11) NOT NULL,
  `cat_id` int(11) NOT NULL,
  `name` varchar(100) NOT NULL,
  `price` int(11) NOT NULL,
  `image` varchar(50) NOT NULL,
  `description` text NOT NULL,
  `product_quantity` int(2) NOT NULL DEFAULT 10,
  `status` tinyint(1) NOT NULL DEFAULT 1
) ENGINE=InnoDB DEFAULT CHARSET=utf8 COLLATE=utf8_unicode_ci;

--
-- Dumping data for table `products`
--

INSERT INTO `products` (`id`, `author_id`, `cat_id`, `name`, `price`, `image`, `description`, `product_quantity`, `status`) VALUES
(2, 1, 1, 'Cho Tôi Xin 1 Vé Đi Tuổi Thơ', 63000, 'ctx1vdtt.webp', 'Truyện Cho tôi xin một vé đi tuổi thơ là sáng tác mới nhất của nhà văn Nguyễn Nhật Ánh. Nhà văn mời người đọc lên chuyến tàu quay ngược trở lại thăm tuổi thơ và tình bạn dễ thương của 4 bạn nhỏ. Những trò chơi dễ thương thời bé, tính cách thật thà, thẳng thắn một cách thông minh và dại dột, những ước mơ tự do trong lòng… khiến cuốn sách có thể làm các bậc phụ huynh lo lắng rồi thở phào. Không chỉ thích hợp với người đọc trẻ, cuốn sách còn có thể hấp dẫn và thực sự có ích cho người lớn trong quan hệ với con mình...', 17, 1),
(5, 1, 1, 'Tôi Thấy Hoa Vàng Trên Cỏ Xanh', 103000, 'tthvtcx.webp', 'Ta bắt gặp trong Tôi Thấy Hoa Vàng Trên Cỏ Xanh một thế giới đấy bất ngờ và thi vị non trẻ với những suy ngẫm giản dị thôi nhưng gần gũi đến lạ. Câu chuyện của Tôi Thấy Hoa Vàng Trên Cỏ Xanh có chút này chút kia, để ai soi vào cũng thấy mình trong đó, kiểu như lá thư tình đầu đời của cu Thiều chẳng hạ ngây ngô và khờ khạo.\n\nNhưng Tôi Thấy Hoa Vàng Trên Cỏ Xanh hình như không còn trong trẻo, thuần khiết trọn vẹn của một thế giới tuổi thơ nữa. Cuốn sách nhỏ nhắn vẫn hồn hậu, dí dỏm, ngọt ngào nhưng lại phảng phất nỗi buồn, về một người cha bệnh tật trốn nhà vì không muốn làm khổ vợ con, về một người cha khác giả làm vua bởi đứa con tâm thầm của ông luôn nghĩ mình là công chúa, Những bài học về luân lý, về tình người trở đi trở lại trong day dứt và tiếc nuối.\n\nTôi Thấy Hoa Vàng Trên Cỏ Xanh lắng đọng nhẹ nhàng trong tâm tưởng để rồi ai đã lỡ đọc rồi mà muốn quên đi thì thật khó.\n\n“Tôi thấy hoa vàng trên cỏ xanh” truyện dài mới nhất của nhà văn vừa nhận giải văn chương ASEAN Nguyễn Nhật Ánh - đã được Nhà xuất bản Trẻ mua tác quyền và giới thiệu đến độc giả cả nước.\n\nCuốn sách viết về tuổi thơ nghèo khó ở một làng quê, bên cạnh đề tài tình yêu quen thuộc, lần đầu tiên Nguyễn Nhật Ánh đưa vào tác phẩm của mình những nhân vật phản diện và đặt ra vấn đề đạo đức như sự vô tâm, cái ác. 81 chương ngắn là 81 câu chuyện nhỏ của những đứa trẻ xảy ra ở một ngôi làng: chuyện về con cóc Cậu trời, chuyện ma, chuyện công chúa và hoàng tử, bên cạnh chuyện đói ăn, cháy nhà, lụt lội, “Tôi thấy hoa vàng trên cỏ xanh”hứa hẹn đem đến những điều thú vị với cả bạn đọc nhỏ tuổi và người lớn bằng giọng văn trong sáng, hồn nhiên, giản dị của trẻ con cùng nhiều tình tiết thú vị, bất ngờ và cảm động trong suốt hơn 300 trang sách. Cuốn sách, vì thế có sức ám ảnh, thu hút, hấp dẫn không thể bỏ qua.', 33, 1),
(13, 7, 1, 'Đã Nhiều Năm Như Thế (Tập 1)', 126000, 'dnnnt.webp', 'Kiến Hạ là một cô gái ngoại thành, lớn lên trong một gia đình mà cả bố và mẹ đều thiên vị em trai, cô chẳng có gì để níu lấy sự quan tâm của họ ngoài thành tích học tập. Nhiều đêm, khi mọi người trong nhà đều đã say giấc, Kiến Hạ vẫn cặm cụi bên chiếc bàn nhỏ luyện đề, bởi cô biết chỉ khi học thật giỏi thì cô mới có thể rời khỏi vùng quê này. Cuối cùng, những nỗ lực của Kiến Hạ đã được đền đáp khi cô đỗ thủ khoa trong kỳ thi chuyển cấp ở huyện và được Trung học Chấn Hoa đặc cách tuyển.\n\nNgày khai giảng, do nhịn ăn sáng mà Kiến Hạ bị ngất trong lúc học quân sự, rồi được lớp trưởng đưa tới phòng y tế. Cũng tại đây, cô đã gặp Lý Nhiên - cậu bạn có mái tóc hung đỏ và khuôn mặt bê bết máu.\n\nẤn tượng ban đầu về đối phương, chính là họ hoàn toàn thuộc về hai thế giới khác nhau. Trong mắt Kiến Hạ lúc ấy, Lý Nhiên là học sinh cá biệt, bề ngoài trông giống côn đồ, chẳng biết trên dưới, luôn cả gan làm loạn. Còn trong mắt Lý Nhiên, ban đầu Kiến Hạ giống với những học sinh giỏi khác, hay khóc, lúc nào cũng giả vờ yếu kém, giả vờ khiêm tốn, song sau khi trò chuyện thì cậu cũng thấy cô bạn này khá thú vị.\n\nKiến Hạ vốn tự tin với thành tích học tập hồi cấp 2 của mình, nhưng khi tới Chấn Hoa, được nghe kể về các học sinh xuất sắc khác, việc không hòa nhập được cộng thêm lo lắng về thành tích khiến cô thu m.ình lại, trở nên nhút nhát và tự ti. Song cũng nhờ gặp gỡ Lý Nhiên - cậu bạn tuy có thành tích học tập không nổi bật nhưng lại biết cách nói chuyện và an ủi người khác, mà những ngày tháng ở Chấn Hoa của Kiến Hạ trở nên vui vẻ hơn. Lý Nhiên cũng là người ở bên Kiến Hạ khi cô bất lực nhất, nhìn thấy cô lúc cô yếu đuối nhất...', 13, 1),
(14, 7, 1, 'Đã Nhiều Năm Như Thế (Tập 2)', 140000, 'dnnnt2.webp', 'Những ngày tháng tại trường Trung học Chấn Hoa cứ thế vội vã qua đi, cùng với đó là tình cảm của Kiến Hạ và Lý Nhiên ngày một lớn. Nhờ có Lý Nhiên, Kiến Hạ từ một cô bé nhút nhát đến từ ngoại thành dần trở nên tự tin, mạnh dạn. Nhờ có Lý Nhiên, Kiến Hạ đã mở lòng hơn, được đắm chìm trong cuộc sống nhiều trải nghiệm và ngập tràn màu sắc hơn.\r\n\r\nThế nhưng, những tháng ngày hạnh phúc trong trẻo ấy chẳng kéo dài lâu, khi chỉ còn nửa năm nữa là bước vào kì thi đại học, Lý Nhiên và Kiến Hạ bị cô chủ nhiệm và gia đình phát hiện yêu sớm.\r\n\r\nKiến Hạ bị mẹ bắt quay lại Trường Trung học Số 1 ở huyện, cương quyết không cho cô trở lại Chấn Hoa, dù kỳ thi đại học đang đến gần. Quay về nơi mình một lòng muốn rời đi, tâm trạng Kiến Hạ rối bời và vô cùng đau khổ. Cô bỏ bê bản thân, ăn uống cho có lệ, tóc tai cũng không buồn chăm chút, chỉ biết tựa đầu vào cửa khóc đến mệt lả.\r\n\r\nThế nhưng nhớ tới những ngày tháng hạnh phúc bên cạnh Lý Nhiên, nhớ không khí tại Chấn Hoa và cả tương lai phía trước, Kiến Hạ đã cố gắng xốc lại tinh thần, hạ quyết tâm thương lượng với bố, rằng nếu cô đứng nhất toàn trường trong kỳ thi tháng tới, thì phải cho cô quay lại học ở Chấn Hoa. Vì chỉ ở Chấn Hoa, cô mới nhìn thấy một Kiến Hạ quyết tâm theo đuổi ước mơ, một Kiến Hạ mạnh mẽ và dám bộc lộ cảm xúc thật của mình. Cũng ở Chấn Hoa, nơi đã chứng kiến lời hứa cùng nhau đến Nam Kinh học đại học của cô và Lý Nhiên...', 10, 1),
(15, 1, 1, 'Ngồi Khóc Trên Cây', 103000, 'nktc.webp', 'Mở đầu là kỳ nghỉ hè tại một ngôi làng thơ mộng ven sông với nhân vật là những đứa trẻ mới lớn có vô vàn trò chơi đơn sơ hấp dẫn ghi dấu mãi trong lòng.\n\nMối tình đầu trong veo của cô bé Rùa và chàng sinh viên quê học ở thành phố có giống tình đầu của bạn thời đi học? Và cái cách họ thương nhau giấu giếm, không dám làm nhau buồn, khát khao hạnh phúc đến nghẹt thở có phải là câu chuyện chính?\n\n“ Nồng nàn lên với\n\nCốc rượu trên tay\n\nXanh xanh lên với\n\nTrời cao ngàn ngày\n\nDài nhanh lên với\n\nTóc xõa ngang mày\n\nLớn nhanh lên với\n\nBé bỏng chiều nay”\n\nBạn sẽ được tác giả dẫn đi liền một mạch trong một thứ cảm xúc rưng rưng của tình yêu thương. Bạn sẽ thấy may mắn vì đang đuợc sống trong cuộc sống này, thấy yêu thế những tấm tình người… tất cả đều đẹp hồn hậu một cách giản dị.\n\nVới cuốn sách này, một lần nữa người đọc lại được Nguyễn Nhật Ánh tặng món quà quý giá: lòng tin vào điều tốt có thật trên đời.\n\nGiá sản phẩm trên Tiki đã bao gồm thuế theo luật hiện hành. Bên cạnh đó, tuỳ vào loại sản phẩm, hình thức và địa chỉ giao hàng mà có thể phát sinh thêm chi phí khác như phí vận chuyển, phụ phí hàng cồng kềnh, thuế nhập khẩu (đối với đơn hàng giao từ nước ngoài có giá trị trên 1 triệu đồng).....', 27, 1),
(16, 1, 1, 'Còn Chút Gì Để Nhớ - Bản Màu', 440000, 'ccgdn.webp', 'Đó là những kỷ niệm thời đi học của Chương, lúc mới bước chân vào Sài Gòn và làm quen với cuộc sống đô thị. Là những mối quan hệ bạn bè tưởng chừng hời hợt thoảng qua nhưng gắn bó suốt cuộc đời. Cuộc sống đầy biến động đã xô dạt mỗi người mỗi nơi, nhưng trải qua hàng mấy chục năm, những kỷ niệm ấy vẫn luôn níu kéo Chương về với một thời để nhớ.', 18, 1),
(17, 4, 1, 'Trúng Số Độc Đắc', 84000, 'tsdd.webp', 'Tiểu thuyết “Trúng số độc đắc” là tác phẩm lớn của Vũ Trọng Phụng cũng như của cả nền văn xuôi Việt Nam hiện đại. Với nghệ thuật trần thuật đặc sắc đầy khả năng biến hoá, với ngôn ngữ và giọng điệu hài hước, trào phúng, ông đã dựng lên hàng loạt nhân vật \"đồ vật hoá\", nhân vật \"kịch\", nhân vật trào phúng, chân dung biếm họa có ý nghĩa xã hội sâu sắc.\r\nVũ Trọng Phụng mượn nhân vật Phúc để kể về nhân tình thế thái, về thói đời, lòng người đổi trắng thay đen. Và cả chính Phúc, được dịp may đổi đời, rồi có cơ hội chứng kiến, hiểu và cười lòng người, cũng không tránh khỏi việc bản thân thay đổi theo hoàn cảnh, thời thế.', 10, 1),
(18, 4, 1, 'Số Đỏ', 54000, 'sd.webp', 'Văn học Việt Nam thời xưa có nhiều tác phẩm có giá trị to lớn về mặt nhân văn và nghệ thuật, đã được công nhận và chứng thực qua thời gian. Bộ sách Việt Nam danh tác bao gồm loạt tác phẩm đi cùng năm tháng như: Số đỏ (Vũ Trọng Phụng), Việc làng (Ngô Tất Tố), Gió đầu mùa, Hà Nội băm sáu phố phường (Thạch Lam), Miếng ngon Hà Nội (Vũ Bằng), Vang bóng một thời (Nguyễn Tuân). Hy vọng bộ sách sau khi tái bản sẽ giúp đông đảo tầng lớp độc giả thêm hiểu, tự hào và nâng niu kho tàng văn học nước nhà.\r\n\r\nTrích đoạn\r\n\r\n“- Tôi không muốn lấy cái người ấy, vì nếu tôi lấy hắn, chắc hắn sẽ mọc sừng. Thí dụ một người như ông mà hỏi tôi thì còn nói gì! Đằng này hắn lại nhà quê, không biết yêu vợ như những người văn minh. Buồn lắm anh ạ.\r\n\r\n- Tôi phải làm gì?- Phải giả vờ chim tô, chúng ta giả vờ chim nhau, mê Cho hắn bỏ tôi, mình hiểu chưa? Ta giả vờ với nhau thôi mà! Tôi cần mang tiếng hư hỏng lắm mới được.\r\n\r\n- Thế sao nữa ạ?\r\n\r\n- Anh thì anh cũng phải mang tiếng là làm hại một đời tôi mới xong!”', 9, 1),
(19, 2, 2, 'Tôi Tự Học', 89000, 'tth.webp', 'Sách “Tôi tự học” của tác giả Nguyễn Duy Cần đề cập đến khái niệm, mục đích của học vấn đối với con người đồng thời nêu lên một số phương pháp học tập đúng đắn và hiệu quả. Tác giả cho rằng giá trị của học vấn nằm ở sự lĩnh hội và mở mang tri thức của con người chứ không đơn thuần thể hiện trên bằng cấp. Trong xã hội ngày nay, không ít người quên đi ý nghĩa đích thực của học vấn, biến việc học của mình thành công cụ để kiếm tiền nhưng thực ra nó chỉ là phương tiện để đưa con người đến thành công mà thôi. Bởi vì học không phải để lấy bằng mà học còn để “biết mình” và để “đối nhân xử thế”.\r\nCuốn sách này tuy đã được xuất bản từ rất lâu nhưng giá trị của sách vẫn còn nguyên vẹn. Những tư tưởng, chủ đề của sách vẫn phù hợp và có thể áp dụng trong đời sống hiện nay. Thiết nghĩ, cuốn sách này rất cần cho mọi đối tượng bạn đọc vì không có giới hạn nào cho việc truy tầm kiến thức, việc học là sự nghiệp lâu dài của mỗi con người. Đặc biệt, cuốn sách là một tài liệu quý để các bạn học sinh – sinh viên tham khảo, tổ chức lại việc học của mình một cách hợp lý và khoa học. Các bậc phụ huynh cũng cần tham khảo sách này để định hướng và tư vấn cho con em mình trong quá trình học tập.', 9, 1),
(20, 2, 2, 'Một Nghệ Thuật Sống', 64000, 'nts.webp', 'Tác phẩm Một nghệ thuật sống nêu lên những quan niệm về cuộc sống và cách sống: sống là gì, lẽ sống của con người, nhận biết chân giá trị của sự vật, hành động để giải thoát…\r\n\r\nTác giả không tập trung khai thác, phân tích tâm lý con người như những sách nghệ thuật sống, rèn luyện nhân cách phổ biến hiện nay. Ông cũng không lên gân, dạy dỗ phải làm điều này điều nọ để có được hạnh phúc trong cuộc sống. Tác giả hướng người đọc đến việc nhận thức được giá trị sự vật như nó vốn có, hiểu được bản ngã của mình để hành động phù hợp với hoàn cảnh. Để trở nên một con người hoàn toàn, theo tác giả, con người cần phải làm hai điều: cải tạo cá nhân và cải tạo xã hội. Đây cũng là chủ đề xuyên suốt trong các chương của cuốn sách.', 10, 1),
(21, 3, 2, 'Vẻ Đẹp Của Sự Cô Đơn', 95000, 'vdcscd.webp', 'Đức Đạt Lai Lạt Ma đã sống một mình trong suốt 87 năm và ngài là một trong những người hạnh phúc nhất thế giới, hay Thiền sư Thích Nhất Hạnh đã sống tới 95 năm đầy tỉnh thức mà chẳng cần một tình yêu vị kỷ nào cả. Bởi các ngài đã đặt hạnh phúc của mình trong hạnh phúc đại đồng nhân loại. Hơn 200 trang sách “Vẻ đẹp của sự cô đơn”, người đọc nhận ra vạn vật trên thế gian này đều cần được đối xử dịu dàng, ngay cả bạn cũng vậy. Chỉ cần bạn đối xử với bản thân bằng một cái tâm thiện lành, yêu thương và ân cần thì từ đó ánh nhìn của bạn với mọi thứ cũng êm đềm hơn. Sống trên đời là đối diện với sự được và mất chỉ trong một cái chớp mắt, nhân sinh như mộng, bạn đừng quá dốc lòng vì một người không xứng để rồi khiến tim mình khổ đau. Sự cô đơn bạn có thừa, khi đã yêu mà chưa từng hạnh phúc.\r\n\r\nNhững góc nhìn về sự cô đơn của thầy Giác Minh Luật vô cùng vi tế và tràn đầy năng lượng tích cực. Chúng ta sinh ra vốn không đơn độc vì đã có chính mình, người duy nhất hiểu rõ bản thân đã phải trải qua ngày hôm nay đau khổ ra sao, và đặt niềm tin vào ngày sau không phải tận cùng bi ai như thế nào. Sống trong tâm thế bình thản đối mặt, mỉm cười nhìn chuyện đời, chuyện người, ấy mới chính là biết trân quý chữ duyên trong hiện tại. Vậy nên, bạn không cần tìm kiếm hạnh phúc từ bên ngoài nữa, hãy bắt đầu tìm nó trong chính mình.', 17, 1),
(22, 5, 2, 'Gieo Trồng Hạnh Phúc', 54000, 'gthp.webp', 'Chánh Niệm là nguồn năng lượng tỉnh thức đưa ta trở về với giây phút hiện tại và giúp ta tiếp xúc sâu sắc với sự sống trong mỗi phút giây của đời sống hằng ngày. Chúng ta không cần phải đi đâu xa để thực tập chánh niệm. Chúng ta có thể thực tập chánh niệm ngay trong phòng mình hoặc trên đường đi từ nơi này đến nơi khác. Ta vẫn có thể tiếp tục làm những công việc ta thường làm hằng ngày như đi, đứng, nằm, ngồi, làm việc, ăn, uống, giao tiếp, chuyện trò… nhưng với ý thức là mình đang làm những công việc ấy.\r\n\r\nHãy tưởng tượng ta đang ngắm mặt trời mọc với một số người. Trong khi những người khác đang thưởng thức khung cảnh đẹp đẽ ấy thì ta lại “bận rộn” với những thứ trong đầu mình. Ta bận rộn và lo lắng cho những kế hoạch của ta. Ta nghĩ về quá khứ hoặc tương lai mà không thực sự có mặt để trân quý cơ hội đó. Thay vì thưởng thức cảnh đẹp của buổi bình minh, ta lại để cho những khoảnh khắc quý giá ấy trôi qua oan uổng.\r\n\r\nNếu quả thực như vậy, ta có thể sử dụng một phương pháp khác. Mỗi khi tâm ta đi lang thang thì ta kéo tâm về và tập trung tâm ý vào hơi thở vào – ra. Thực tập hơi thở ý thức giúp ta trở về với giây phút hiện tại. Thân tâm hợp nhất, ta sẽ có mặt trọn vẹn để ngắm nhìn, quán chiếu và thưởng thức khung cảnh đẹp đẽ ấy. Bằng cách trở về với hơi thở, ta lấy lại được sự mầu nhiệm của buổi bình minh.', 50, 1),
(23, 5, 2, 'Không Diệt Không Sinh Đừng Sợ Hãi', 81000, 'kdksdsh.webp', 'Nhiều người trong chúng ta tin rằng cuộc đời của ta bắt đầu từ lúc chào đời và kết thúc khi ta chết. Chúng ta tin rằng chúng ta tới từ cái Không, nên khi chết chúng ta cũng không còn lại gì hết. Và chúng ta lo lắng vì sẽ trở thành hư vô.\r\n\r\nBụt có cái hiểu rất khác về cuộc đời. Ngài hiểu rằng sống và chết chỉ là những ý niệm không có thực. Coi đó là sự thực, chính là nguyên do gây cho chúng ta khổ não. Bụt dạy không có sinh, không có diệt, không tới cũng không đi, không giống nhau cũng không khác nhau, không có cái ngã thường hằng cũng không có hư vô. Chúng ta thì coi là Có hết mọi thứ. Khi chúng ta hiểu rằng mình không bị hủy diệt thì chúng ta không còn lo sợ. Đó là sự giải thoát. Chúng ta có thể an hưởng và thưởng thức đời sống một cách mới mẻ.\r\n\r\nKhông diệt Không sinh Đừng sợ hãi là tựa sách được Thiền sư Thích Nhất Hạnh viết nên dựa trên kinh nghiệm của chính mình. Ở đó, Thầy Nhất Hạnh đã đưa ra một thay thế đáng ngạc nhiên cho hai triết lý trái ngược nhau về vĩnh cửu và hư không: “Tự muôn đời tôi vẫn tự do. Tử sinh chỉ là cửa ngõ ra vào, tử sinh là trò chơi cút bắt. Tôi chưa bao giờ từng sinh cũng chưa bao giờ từng diệt” và “Nỗi khổ lớn nhất của chúng ta là ý niệm về đến-đi, lui-tới.”', 10, 1),
(24, 8, 3, '100 Bí Ẩn Đáng Kinh Ngạc', 113500, '100badkn.webp', '\"- Cá có mặc đồ ngủ không?\r\n\r\n- Âm thanh của một tảng băng đang tan chảy là gì? \r\n\r\n- Cần bao nhiêu con cừu để khởi động một chuyến tàu chở hàng của người Viking? \r\n\r\n- Cái nào nhanh hơn - sóng thần hay tàu cao tốc?\"\r\n\r\n \r\n\r\nHãy cùng tìm câu trả lời trong cuốn sách  ́ ̂̉ đ́ ̣ về các đại dương - cuốn sách sẽ giúp bạn khám phá lịch sử - khoa học - môi trường và nghệ thuật của các vùng biển và đại dương trên hành tinh của chúng ta. \r\n\r\n \r\n\r\nVới nội dung ngắn gọn, logic, được trình bày dưới dạng infographic sinh động, màu sắc bắt mắt, cuốn sách này sẽ là cuốn cẩm nang hoàn hảo giúp bạn mở rộng kiến thức về đại dương - một chủ đề vô cùng thiết yếu với cuộc sống của chúng ta.\r\n\r\n \r\n\r\nSách nằm trong series “ ́ ̂̉ đ́ ̣” của NXB Usborne được hàng triệu độc giả trên toàn thế giới yêu thích.\r\n\r\nSeries sách đã bán được 1,7 triệu bản và dịch ra 29 thứ tiếng trên thế giới.', 9, 1),
(25, 8, 3, 'Kiểm Soát Cơn Tức Giận', 100000, 'ksctg.webp', 'Cơn giận là một dạng cảm xúc thường gặp, cũng giống như niềm vui, nỗi buồn hay nỗi sợ.\r\n\r\nĐôi khi cơn giận khiến bạn mất kiểm soát, trở nên hách dịch và làm ảnh hưởng tới mọi người xung quanh. Nhưng may mắn là BẠN thông minh hơn cơn giận rất nhiều, và cuốn sách này sẽ hướng dẫn bạn cả tấn mẹo hay để kiểm soát cơn giận!\r\n\r\nXuyên suốt sách là những hoạt động tương tác thú vị giúp bạn hiểu thêm về bản thân và những cảm xúc của mình. Sách bày cả những trò chơi hấp dẫn dạy bạn những chiến lược ứng phó với cơn giận ở nhà, ở trường, với bạn bè hoặc người thân để sống hạnh phúc và hòa hợp với mọi người hơn.', 10, 1),
(26, 8, 3, 'Dạy Con Thói Quen Tốt', 25000, 'dctqt.webp', 'Một hành động đúng đắn sẽ dẫn tới một kết quả tốt đẹp. Một thái độ đúng ĐỘ TUỔI đắn sẽ được mọi người khen ngợi. Một thói quen tốt sẽ giúp đạt được hiệu quả như mong muốn. Nhiều thói quen tốt có thể mang đến một tương lai rộng mở.\r\n\r\n \r\n\r\nThấu hiểu điều đó, bộ sách đã ra đời với mong muốn giúp các bạn nhỏ có thêm một kênh thông tin để học hỏi, bồi dưỡng và rèn luyện bản thân trong quá trình trưởng thành. Qua các chủ đề gần gũi được viết dưới dạng những câu chuyện ngắn gọn và đáng yêu, tin rằng bộ sách sẽ mang đến cho các bạn nhỏ những bài học bổ ích, giúp các em biết kiểm soát cảm xúc, có thái độ, hành vi đúng đắn. Chắc chắn đây sẽ là người bạn đồng hành đáng tin cậy của các em và xứng đáng có mặt trong tủ sách của mọi gia đình.', 18, 1),
(27, 8, 3, 'Bộ Sách Bồi Dưỡng EQ Cho Trẻ', 75000, 'bseq.webp', 'Các bạn nhỏ sẽ cảm thấy thế nào khi có một ngày không vui, con làm gì khi trót thốt ra lời nó dối, hoặc phải làm sao khi nghĩ rằng cứ phải nhanh mới là tốt nhất?\r\n\r\nThông qua những tình huống rất gần gũi với cuộc sống ở nhà, ở trường học hay cả khi đi chơi trong bộ sách Những câu chuyện bồi dưỡng EQ cho trẻ, các bạn nhỏ sẽ biết cách kiểm soát xúc cảm của bản thân, nhận biết cảm xúc của người khác, học tập cách ứng xử phù hợp và hình thành thói quen tốt.', 17, 1),
(28, 9, 4, 'Story of a Seagull and the Cat', 290000, 'sac.webp', 'Caught up in an oil spill, a dying seagull scrambles ashore to lay her final egg and lands on a balcony, where she meets Zorba, a big black cat from the port of Hamburg. The cat promises the seagull to look after the egg, not to eat the chick once it’s hatched and – most difficult of all – to teach the baby gull to fly. Will Zorba and his feline friends honour the promise and give Lucky, the adopted little seagull, the strength to discover her true nature?\r\n\r\nA moving, uplifting and life-enhancing story with a strong environmental theme, Luis Sepúlveda’s instant children’s classic has been a worldwide best-seller and is presented here with new drawings by acclaimed illustrator Satoshi Kitamura.', 18, 1),
(29, 9, 4, 'Chuyện Con Mèo Dạy Hải Âu Bay', 35000, 'ccmdhab.webp', 'Cô hải âu Kengah bị nhấn chìm trong váng dầu – thứ chất thải nguy hiểm mà những con người xấu xa bí mật đổ ra đại dương. Với nỗ lực đầy tuyệt vọng, cô bay vào bến cảng Hamburg và rơi xuống ban công của con mèo mun, to đùng, mập ú Zorba. Trong phút cuối cuộc đời, cô sinh ra một quả trứng và con mèo mun hứa với cô sẽ thực hiện ba lời hứa chừng như không tưởng với loài mèo:\r\n\r\nKhông ăn quả trứng.\r\n\r\nChăm sóc cho tới khi nó nở.\r\n\r\nDạy cho con hải âu bay.\r\n\r\nLời hứa của một con mèo cũng là trách nhiệm của toàn bộ mèo trên bến cảng, bởi vậy bè bạn của Zorba bao gồm ngài mèo Đại Tá đầy uy tín, mèo Secretario nhanh nhảu, mèo Einstein uyên bác, mèo Bốn Biển đầy kinh nghiệm đã chung sức giúp nó hoàn thành trách nhiệm. Tuy nhiên, việc chăm sóc, dạy dỗ một con hải âu đâu phải chuyện đùa, sẽ có hàng trăm rắc rối nảy sinh và cần có những kế hoạch đầy linh hoạt được bàn bạc kỹ càng…\r\n\r\nChuyện con mèo dạy hải âu bay là kiệt tác dành cho thiếu nhi của nhà văn Chi Lê nổi tiếng Luis Sepúlveda – tác giả của cuốn Lão già mê đọc truyện tình đã bán được 18 triệu bản khắp thế giới. Tác phẩm không chỉ là một câu chuyện ấm áp, trong sáng, dễ thương về loài vật mà còn chuyển tải thông điệp về trách nhiệm với môi trường, về sự sẻ chia và yêu thương cũng như ý nghĩa của những nỗ lực – “Chỉ những kẻ dám mới có thể bay”.', 39, 1),
(30, 10, 5, 'Tý Quậy (Tập 3)', 35000, 'tq3.webp', 'Tý Quậy là bộ truyện tranh Việt Nam nổi tiếng đã gắn bó với tuổi thơ của nhiều thế hệ độc giả. Những câu chuyện dí dỏm, hài hước về cuộc sống nơi trường lớp và gia đình của hai người bạn \"hàng xóm\" Tý và Tèo đã đem lại bao tiếng cười vui và rất nhiều bài học sâu sắc, thấm thía cho các thế hệ học trò Việt Nam.\r\n\r\nChúng ta như tìm thấy chính mình trong hình ảnh của Tý và Tèo những lúc nghịch ngợm, bị điểm kém, bị bố mẹ mắng... hay những phút giây nhận ra lỗi lầm và thấy mình ngày một trưởng thành, lớn khôn hơn, biết yêu thương cha mẹ, kính trọng thầy cô và yêu quý bè bạn.\r\n\r\nCó lẽ vì vậy mà sức sống của bộ truyện Tý Quậy mới lâu bền và mạnh mẽ đến thế!', 9, 1),
(31, 10, 5, 'Tý Quậy (Tập 2)', 35000, 'tq2.webp', 'Tý Quậy là bộ truyện tranh Việt Nam nổi tiếng đã gắn bó với tuổi thơ của nhiều thế hệ độc giả. Những câu chuyện dí dỏm, hài hước về cuộc sống nơi trường lớp và gia đình của hai người bạn \"hàng xóm\" Tý và Tèo đã đem lại bao tiếng cười vui và rất nhiều bài học sâu sắc, thấm thía cho các thế hệ học trò Việt Nam.\r\n\r\nChúng ta như tìm thấy chính mình trong hình ảnh của Tý và Tèo những lúc nghịch ngợm, bị điểm kém, bị bố mẹ mắng... hay những phút giây nhận ra lỗi lầm và thấy mình ngày một trưởng thành, lớn khôn hơn, biết yêu thương cha mẹ, kính trọng thầy cô và yêu quý bè bạn.\r\n\r\nCó lẽ vì vậy mà sức sống của bộ truyện Tý Quậy mới lâu bền và mạnh mẽ đến thế!', 15, 1),
(32, 11, 6, 'Ghi Chép Pháp Y', 102000, 'gcpy.webp', 'Làm cách nào để một “xác chết lên tiếng”? - đó là công việc của bác sĩ pháp y.\r\n\r\n“Ghi chép pháp y - Những cái chết bí ẩn” là cuốn sách nằm trong hệ liệt với “Pháp y Tần Minh” - bộ tiểu thuyết nổi đình đám của xứ Trung đã được chuyển thể thành series phim. Cuốn sách tổng hợp những vụ án có thật, được viết bởi bác sĩ pháp y Lưu Hiểu Huy - người có 15 năm kinh nghiệm và từng mổ xẻ hơn 800 tử thi.\r\n\r\nTrải qua 15 câu chuyện kinh hoàng, cuốn sách sẽ đưa bạn bước vào hiện trường của những vụ án man rợ như: xác chết phi tang dưới cánh đồng ngô, thi thể thiếu nữ không lành lặn, xác chết nhầy nhụa đang bị giòi bọ đục khoét hay một thi thể co cứng trong màng bọc nilon…lần theo những dấu vết, ghép lại sự thật từ những mảnh vụn thi thể, nguyên nhân của cái chết sẽ dần được hé mở.\r\n\r\nMỗi vụ án đều là một ẩn số, hiện trường vụ án bao gồm cả xác chết chính là chiếc chìa khóa để truy tìm hung thủ ngay cả khi nó không còn nguyên vẹn. Vậy làm cách để các bác sĩ pháp y có thể xác định thương tật, các dấu hiệu cơ thể bị xâm hại? Cuốn sách này sẽ trình bày những kiến thức chuyên môn và quy trình xử lý vụ án, từ hiện trường vụ án đến đài giải phẫu, xét nghiệm nội tạng, phân tích chất độc… từng bước tìm ra bí mật ẩn giấu sau mỗi tử thi, phơi bày những manh mối liên quan đến tội ác con người và lỗ hổng của xã hội.', 9, 1),
(33, 12, 6, 'Phía Sau Nghi Can X', 75000, 'psncx.webp', '“Việc nghĩ ra một bài toán vô cùng khó và việc giải bài toán đó, việc nào khó hơn?”\r\n\r\nKhi nhấn chuông cửa nhà nghi can chính của một vụ án mới, điều tra viên Kusanagi không biết rằng anh sắp phải đương đầu với một thiên tài ẩn dật. Kusanagi càng không thể ngờ rằng, chỉ một câu nói vô thưởng vô phạt của anh đã kéo người bạn thân, Manabu Yukawa, một phó giáo sư vật lý tài năng, vào vụ án. Và điều làm sững sờ nhất, đó là vụ án kia chẳng qua cũng chỉ như một bài toán cấp ba đơn giản, tuy nhiên ấn số X khi được phơi bày ra lại không đem đến hạnh phúc cho bất cứ ai…\r\n\r\nVới một giọng văn tỉnh táo và dung dị, Higashino Keigo đã đem đến cho độc giả hơn cả một cuốn tiểu thuyết trinh thám. Mô tả tội ác không phải điều hấp dẫn nhất ở đây, mà còn là những giằng xé nội tâm thầm kín, những nhân vật bình dị, và sự quan tâm sâu sa tới con người. Tác phẩm đã đem lại cho Higashino Keigo Giải Naoki lần thứ 134, một giải thưởng văn học lâu đời sánh ngang giải Akutagawa tại Nhật.', 10, 1),
(34, 13, 7, 'Lược Sử Tôn Giáo', 102000, 'lstg.webp', 'Hơn bảy tỷ người trên thế giới có thể viết một thứ gì đó khác chữ “Không” vào mục Tôn giáo trong hồ sơ của mình. Một số sinh ra đã theo một tôn giáo được chọn sẵn; số khác có thể tự lựa chọn theo sở thích, theo định hướng, theo đám đô Thế rồi họ thực hành đức tin của mình hằng ngày, tự hào về nó và muốn truyền bá nó cho nhiều người khác nữa. Đó là con đường phát triển hết sức tự nhiên của tôn giáo suốt hàng nghìn năm qua, kết quả là vô số tín ngưỡng với cành nhánh xum xuê mà chúng ta thấy ngày nay.\r\n\r\nNhiều tôn giáo ra đời cách đây hàng nghìn năm với số lượng tín đồ hùng hậu, một số khác non trẻ hơn nhưng không kém phần đình đám vì những tín đồ ít ỏi nhưng nổi tiếng của mình. Thế nhưng, ai trong số họ dám chắc những gì mình đang làm là đúng nguyên bản và không khiến các vị khai sinh ra tôn giáo ấy lắc đầu, thất vọng?', 11, 1),
(35, 5, 7, 'Bồ Tát Tại Gia - Bồ Tát Xuất Gia', 108000, 'bttg.webp', 'Đạo Bụt không phải chỉ dành cho những người xuất gia, chán cõi đời này nên đi tìm sự an lạc Niết bàn cho cá nhân. Đạo Bụt là con đường mở ra cho tất cả nhân loại, cho tất cả các loài được hưởng.\r\n\r\nTrong kinh Duy Ma, ta thấy quan điểm về Tịnh độ và quan điểm về thế giới được trình bày một cách rất rõ rệt. Kinh Duy Ma chú trọng đến cuộc sống hiện thực chứ không nhắm tới sự trốn tránh khổ đau trong một cõi Niết bàn nào khác. Cõi Tịnh độ đẹp đẽ hay khổ đau; những hoàn cảnh đó, những y báo đó, đều do nhân cách của con người định đoạt. Tâm của mình như thế nào thì thế giới của mình như thế đó. Tất cả tùy thuộc vào cách sống của mình trong ngày hôm nay.\r\n\r\n“Chùa là nơi để chuyển hóa tâm tư chứ không phải là nơi để trốn tránh xã hội. Một ngôi chùa theo đúng nghĩa là một nơi giúp mình có cơ hội và khả năng trở về với xã hội, có thể sống an lạc trong xã hội, và có thể đóng góp vào sự chuyển hóa xã hội.” (Trích Phẩm Văn Thù Sư Lợi)\r\n\r\n', 10, 1),
(36, 14, 8, 'Giáo Dục Giới Tính Và Nhân Cách Dành Cho Bé Trai', 31500, 'gtbt.webp', 'Giáo dục giới tính và nhân cách dành cho bé trai là bộ sách rất bổ ích, giúp các bé trai có hành vi, ngôn ngữ, cử chỉ đúng mực; biết đoàn kết, yêu thương, chia sẻ, sống có trách nhiệm với mọi người.\r\n\r\nĐặc biệt, thông qua bộ sách này, các bé trai còn học được cách sống tự lập, luôn tỏa sáng và tự tin vào bản thân; đồng thời cũng học được cách nhận biết, thấu hiểu và bảo vệ các bộ phận trên cơ thể mình.\r\n\r\nBộ sách là món quà nhỏ tuyệt vời mà các bố mẹ và thầy cô gửi tặng các con, giúp các con cư xử đúng mực, thông minh trong mọi tình huống, mọi hoàn cảnh.', 10, 1),
(37, 14, 8, 'Giáo Dục Giới tính Và Nhân Cách Dành Cho Bé Gái', 35000, 'gtbg.webp', 'Giáo dục giới tính và nhân cách dành cho bé gái\r\n\r\nGiáo dục giới tính và nhân cách dành cho bé gái là bộ sách rất bổ ích, giúp các bé gái có hành vi, ngôn ngữ, cử chỉ đúng mực, biết đoàn kết yêu thương chia sẻ với mọi người. Đặc biệt, thông qua bộ sách này, các bé gái còn học được cách bảo vệ cơ thể mình, chống lại các hành vi xâm hại cơ thể, bảo vệ bản thân khi gặp kẻ xấu.\r\n\r\nBộ sách là món quà nhỏ tuyệt vời mà các bố mẹ và thầy cô gửi tặng các con, giúp các con cư xử đúng mực, thông minh trong mọi tình huống, mọi hoàn cảnh.', 17, 1),
(38, 15, 9, 'Lịch Sử Việt Nam Từ Nguồn Gốc Đến Giữa Thế Kỉ XX', 156000, 'lsvn.webp', 'Tác phẩm Lịch sử Việt Nam, từ nguồn gốc đến giữa thế kỷ XX này là sự kết hợp của hai chuyên khảo mang tính kinh điển về lịch sử và văn hóa Việt Nam của Giáo sư Lê Thành Khôi, người thuộc về số ít các sử gia Việt đương đại quan trọng nhất. Đó là cuốn Le Viêt-Nam, Histoire et Civilisation (Việt Nam, Lịch sử và Văn minh, Nxb Minuit, Paris, 1955) và Histoire du Viêt Nam, des origines à 1858 (Lịch sử Việt Nam, từ nguồn gốc đến năm 1858, Nxb Sud-Est Asie, Paris, 1982).\r\n\r\nCông trình từ lâu đã được các nhà Việt Nam coi như sách tham khảo căn bản khi nghiên cứu về lịch sử Việt Nam. Đây là lần đầu tiên tác phẩm được coi như kiệt tác sử học này được xuất bản bằng tiếng Việt.\r\n\r\nNhận định của chuyên gia\r\n\r\n“Cũng như nhiều người nghiên cứu Việt Nam, tôi đã sử dụng, trong gần ba mươi năm, quyển Le Việt Nam, Histoire et civilisation của Lê Thành Khôi do Editionds de Minuit xuất bản năm 1955. Nhưng sau đó tôi gần như hoàn toàn lệ thuộc vào kiệt tác của anh mà nhiều người đã ca ngợi: L’Histoire du Việt-Nam des origines à 1858, do Sud-Est Asie xuất bản năm 1982.”\r\n\r\n(Georges Condominas, nhà dân tộc học Pháp)', 9, 1),
(39, 16, 9, 'Metropolis', 303000, 'metro.webp', 'Chúng ta đang chứng kiến cuộc di dân vĩ đại nhất trong lịch sử, đỉnh điểm của một quá trình kéo dài 6.000 năm, một quá trình mà theo đó, đến cuối thế kỷ này, chúng ta sẽ trở thành một chủng loại được đô thị hóa.\r\n\r\nDưới sự dẫn dắt của nhà sử học Ben Wilson, chúng ta sẽ đi vào một hành trình đầy màu sắc xuyên suốt 6.000 năm và 26 thành phố trên thế giới để thấy cuộc sống đô thị đã trở thành động lực và ươm mầm cho những phát kiến vĩ đại nhất của loài người như thế nào.\r\n\r\nTrong suốt thời gian tồn tại của loài người, không có gì đã định hình chúng ta sâu sắc hơn đô thị. Ben Wilson đã kể câu chuyện vĩ đại và huy hoàng về cách mà cuộc sống đô thị cho phép nền văn hóa nhân loại phát triển. Ông cho chúng ta thấy rằng các đô thị không bao giờ là điều cần thiết nhưng một khi chúng tồn tại, mật độ của chúng đã tạo ra sự nở rộ nỗ lực của con người - sẳn xuất các ngành nghề mới, các loại hình nghệ thuật, thờ cúng và thương mại - mà chúng khởi đầu không kém gì nền văn minh.', 9, 1),
(40, 17, 10, 'Bàn Về Văn hóa Du Lịch Việt Nam', 84200, 'bvvhdl.webp', 'Đây là công trình đầu tiên nghiên cứu một cách hệ thống và sâu rộng về văn hóa du lịch ở Việt Nam. Cuốn sách cung cấp những tri thức cơ bản về văn hóa, các loại hình văn hóa, các khía cạnh khác nhau của văn hóa du lịch, các lĩnh vực khác nhau của du lịch văn hóa, những di sản, di tích, công trình đương đại, cảnh quan văn hóa có vai trò quan trọng trong du lịch, những đặc điểm của văn hóa quản lý và kinh doanh du lịch, cũng như những vấn đề liên quan đến bảo vệ văn hóa trong phát triển du lịch, vấn đề phát triển du lịch trong bối cảnh hội nhập quốc tế Những vấn đề cơ bản nhất của du lịch đã được đề cập tới trong cuốn sách này từ góc nhìn văn hóa.\r\n\r\nSách tập trung đi sâu phân tích những thực thể văn hóa được sử dụng trong du lịch, bao gồm các loại tài nguyên văn hóa được con người khai thác, sử dụng để tạo ra sản phẩm du lịch phục vụ nhu cầu của du khách, cùng với sự tham gia của môi trường văn hóa trong sự tương tác với môi trường tự nhiên. Đó là các tài nguyên văn hóa vật thể và phi vật thể, là các điều kiện chính trị - kinh tế - xã hội, là cơ sở vật chất kỹ thuật, các yếu tố an ninh, quốc phòng… làm nên những nguồn lực cho phát triển du lịch. Những thực thể văn hóa đó tồn tại khách quan, bên ngoài du lịch, không do du lịch tạo ra, được khai thác, sử dụng trong du lịch.', 9, 1),
(41, 18, 10, 'Ngàn Năm Áo Mũ', 279500, 'nnam.webp', 'Ngàn năm áo mũ là một nghiên cứu công phu và đầy tham vọng của Trần Quang Đức: dựng lại bức tranh trang phục Việt Nam trong cung đình và ngoài dân gian trong khoảng một nghìn năm từ thời Lý đến thời Nguyễn (1009-1945).\r\n\r\nTrang phục cung đình luôn được quy định nghiêm ngặt và có nhiều đổi thay qua các triều đại. Ngàn năm áo mũ lý giải nguyên do và phân tích mức độ mô phỏng trang phục Trung Hoa trong quy chế trang phục của các triều đại Việt Nam, mô tả chi tiết, tỉ mỉ nhiều dạng trang phục như bộ Tế phục Cổn Miện uy nghi của các vị hoàng đế, các bộ Triều phục, Thường phục Lương quan, Củng Thần, Ô Sa, Bổ phục trang trọng của bá quan, hay Lễ phục Vĩ Địch, Phượng quan lộng lẫy của hoàng hậu Trong khi đó trang phục dân gian không biến động nhiều, phổ biến là kiểu áo giao lĩnh, tứ thân, hay lối ăn mặc cởi trần đóng khố của đàn ông và yếm, váy giản tiện của đàn bà tồn tại qua hàng trăm năm lịch sử. Sự kiện vua Minh Mạng cấm “quần không đáy” là một biến cố lớn lao, để rồi chiếc áo dài năm thân đi vào đời sống dân gian và bây giờ trở thành trang phục quan trọng bậc nhất của người Việt.', 9, 1),
(42, 1, 1, 'Bảy Bước Tới Mùa Hè', 103500, 'bbtmh.webp', 'Bảy bước tới mùa hè là tác phẩm mới nhất của Nguyễn Nhật Ánh, được nhà văn đề tặng \"Những năm ấu thơ\", như một món quà dành tặng các bạn đọc thân thiết của mình nhân dịp đầu năm mới.\r\n\r\nCâu chuyện về một mùa hè ngọt ngào, những trò chơi nghịch ngợm và bâng khuâng tình cảm tuổi mới lớn. Chỉ vậy thôi nhưng chứng tỏ tác giả đúng là nhà kể chuyện hóm hỉnh, khiến độc giả cuốn hút từ trang đầu đến trang cuối cùng. Chúng ta sẽ bắt gặp giọng văn giản dị, trong trẻo của nhà văn Nguyễn Nhật Ánh và một kết thúc có hậu đầy thuyết phục ở cuối truyện. Câu chuyện về tuổi học trò đầy ắp những kỷ niệm thơ bé ngọt ngào với tình thầy trò, bè bạn, tình xóm giềng, họ hàng qua cách nhìn đời nhẹ nhàng, rộng lượng.\r\n\r\nNhà văn chia sẻ: \"Tôi thích sự vui tươi của câu chuyện và sự hồn nhiên của nhân vật. Có thể nói đây là tác phẩm đầy ắp tiếng cười. Tạm thời xa rời những trang văn chứa nhiều chiêm nghiệm của người lớn, qua tác phẩm này tôi muốn quay trở lại lối viết mà tác giả không cố ý để lại quá nhiều dấu tay trên bản thảo. Tác giả trong tác phẩm này cũng đang ở… tuổi mười lăm!\"\r\n\r\nNhận định\r\n\r\n“Có thể nói mỗi cuốn sách của Nguyễn Nhật Ánh như mỗi chuyến tàu về tuổi thơ. Ở đó có nhiều toa, mỗi toa là mỗi bất ngờ mỗi thú vị mỗi háo hức mỗi say mê, khi làm ta bật cười khi làm ta rưng rưng, hoặc ngồi lặng đi suy ngẫm. Khi đã theo con tàu của Nguyễn Nhật Ánh để đi về tuổi thơ một lần, tôi tin mỗi lần Nguyễn Nhật Ánh rung chuông, người ta khó lòng bỏ qua một tấm vé để lại được cùng anh háo hức lên tàu.”', 18, 1),
(43, 1, 1, 'Mùa Hè Không Tên (Bìa Cứng)', 195000, 'mhkt.webp', 'Mùa hè đã gần kết thúc, Mùa hè không tên sẽ kể cho bạn điều gì? Nỗi luyến tiếc vô số trò tinh nghịch chơi thỏa sức và những lần tề tựu bay nhảy trong tình thinh thích hồi hộp hoa phượng, hay mừng rỡ khi mùa thu - mùa tựu trường tới, bạn cũ nhớ, bạn mới ngỡ ngà\r\nMùa hè năm ấy của Khang không chỉ toàn chuyện leo cây hái trái và qua lại với con Nhàn hồn hậu đáng yêu ưa nuôi bọn cá dị tật, mà có Tí, có Chỉnh, rồi Túc, Đính… phải đối mặt với những thử thách của số phận. Những tháng ngày trong sáng của tình bạn dần qua, bọn nhỏ trong mỗi gia đình bình dị lớn lên cùng chứng kiến những giây phút cảm động của câu chuyện tình thân, nỗi khát khao hạnh phúc êm đềm, cùng bỡ ngỡ bước vào tuổi lớn nhiều yêu thương mang cả màu va vấp.\r\nKhi mở sách ra, thấy vườn cây xanh ngắt; được chứng kiến những giọt nắng chảy qua mái lá rơi trên bàn tay và đổ xuống sàn nhà, khuôn mặt hiền hậu của cô gái… và bạn sẽ tìm thấy câu trả lời.\r\nNhà văn Nguyễn Nhật Ánh vốn nổi tiếng qua nhiều thế hệ bạn đọc với nhiều tác phẩm đi vào lòng người. Với tác phẩm này, ông vẫn luôn giữ thông điệp khơi dậy khao khát sống đẹp, sống tử tế nơi người đọc.', 18, 1),
(44, 20, 6, 'Combo Bức Họa Múa Rối Xương', 466000, 'cbo4.webp', 'Trở về từ chuyến hành trình kinh hoàng ở nước Nga xa xôi, Lâm Bán Hạ và Tống Khinh La ngay lập tức phải đương đầu với một vụ án mới.\r\n\r\nBảy thiếu niên bốc đồng đã rủ nhau khám phá bí ẩn đằng sau những cái chết bất ngờ trên chuyến tàu lượn siêu tốc tại một công viên giải trí.\r\n\r\nThời khắc cánh cửa gỉ sét mở ra cũng là lúc họ vô tình bước qua ranh giới giữa thực và ảo. Sau lớp sương mù dày đặc, thứ đang lặng lẽ đón chờ họ chỉ có sự tuyệt vọng chết chóc.\r\n\r\nTàu lượn lao vun vút trên đường ray, giọng nói méo mó trong loa phát thanh thốt ra một câu thông báo đơn giản.\r\n\r\nCứ thế, trò chơi sinh tử điên rồ đã chính thức bắt đầu…', 20, 1),
(45, 20, 6, 'Kính Vạn Hoa Chết Chóc 1', 110000, 'kvhcc.webp', 'Con người ai cũng phải chết. Có người chết già, có người chết bất đắc kỳ tử: : Chết vì bệnh, chết vì tai nạn, bị sát hại, nhảy lầu tự tử… Liệu họ có còn cơ hội được sống? Có, mười hai cánh cửa được mở ra, mười hai thế giới. Đến với thế giới của cửa, bạn sẽ có cuộc đời mới. Nhưng cái giá phải trả không hề rẻ, thua cuộc là kết thúc cả trong cửa lẫn ngoài đời. Liệu Lâm Thu Thạch – một kiến trúc sư bình thường có vượt qua được không?\r\n“Chỉ có người nắm giữ chìa khóa, mới thoát khỏi cái chết đã định sẵn”…\r\n\r\nĐôi nét tác giả\r\n\r\nTây Tử Tử là tác giả nổi tiếng của mạng văn học Tấn Giang. Với bút pháp nhẹ nhàng, uyển chuyển, tình tiết bất ngờ thú vị, các tác phẩm của cô đã chiếm trọn trái tim độc giả.\r\n\r\nMột số tác phẩm: Nông trường kỳ ảo (tạm dịch), Ngũ hành của tôi thiếu em (tạm dịch)…', 9, 1),
(46, 20, 6, 'Kính Vạn Hoa Chết Chóc 2', 140000, 'kvhcc2.webp', 'Con người ai cũng phải chết. Có người chết già, có người chết bất đắc kỳ tử: : Chết vì bệnh, chết vì tai nạn, bị sát hại, nhảy lầu tự tử… Liệu họ có còn cơ hội được sống? Có, mười hai cánh cửa được mở ra, mười hai thế giới. Đến với thế giới của cửa, bạn sẽ có cuộc đời mới. Nhưng cái giá phải trả không hề rẻ, thua cuộc là kết thúc cả trong cửa lẫn ngoài đời. Liệu Lâm Thu Thạch – một kiến trúc sư bình thường có vượt qua được không?\r\n\r\n“Chỉ có người nắm giữ chìa khóa, mới thoát khỏi cái chết đã định sẵn”…\r\n\r\nĐôi nét tác giả\r\n\r\nTây Tử Tử là tác giả nổi tiếng của mạng văn học Tấn Giang. Với bút pháp nhẹ nhàng, uyển chuyển, tình tiết bất ngờ thú vị, các tác phẩm của cô đã chiếm trọn trái tim độc giả.\r\n\r\nMột số tác phẩm: Nông trường kỳ ảo (tạm dịch), Ngũ hành của tôi thiếu em (tạm dịch)…', 10, 1),
(47, 20, 6, 'Kính Vạn Hoa Chết Chóc 3', 160000, 'kvhcc3.webp', 'Con người ai cũng phải chết. Có người chết già, có người chết bất đắc kỳ tử: : Chết vì bệnh, chết vì tai nạn, bị sát hại, nhảy lầu tự tử… Liệu họ có còn cơ hội được sống? Có, mười hai cánh cửa được mở ra, mười hai thế giới. Đến với thế giới của cửa, bạn sẽ có cuộc đời mới. Nhưng cái giá phải trả không hề rẻ, thua cuộc là kết thúc cả trong cửa lẫn ngoài đời. Liệu Lâm Thu Thạch – một kiến trúc sư bình thường có vượt qua được không?\r\n\r\n“Chỉ có người nắm giữ chìa khóa, mới thoát khỏi cái chết đã định sẵn”…\r\n\r\nĐôi nét tác giả\r\n\r\nTây Tử Tử là tác giả nổi tiếng của mạng văn học Tấn Giang. Với bút pháp nhẹ nhàng, uyển chuyển, tình tiết bất ngờ thú vị, các tác phẩm của cô đã chiếm trọn trái tim độc giả.\r\n\r\nMột số tác phẩm: Nông trường kỳ ảo (tạm dịch), Ngũ hành của tôi thiếu em (tạm dịch)…', 9, 1),
(48, 20, 6, 'Kính Vạn Hoa Chết Chóc 4', 140000, 'kvhcc4.webp', 'Con người ai cũng phải chết. Có người chết già, có người chết bất đắc kỳ tử: : Chết vì bệnh, chết vì tai nạn, bị sát hại, nhảy lầu tự tử… Liệu họ có còn cơ hội được sống? Có, mười hai cánh cửa được mở ra, mười hai thế giới. Đến với thế giới của cửa, bạn sẽ có cuộc đời mới. Nhưng cái giá phải trả không hề rẻ, thua cuộc là kết thúc cả trong cửa lẫn ngoài đời. Liệu Lâm Thu Thạch – một kiến trúc sư bình thường có vượt qua được không?\r\n\r\n“Chỉ có người nắm giữ chìa khóa, mới thoát khỏi cái chết đã định sẵn”…\r\n\r\nĐôi nét tác giả\r\n\r\nTây Tử Tử là tác giả nổi tiếng của mạng văn học Tấn Giang. Với bút pháp nhẹ nhàng, uyển chuyển, tình tiết bất ngờ thú vị, các tác phẩm của cô đã chiếm trọn trái tim độc giả.\r\n\r\nMột số tác phẩm: Nông trường kỳ ảo (tạm dịch), Ngũ hành của tôi thiếu em (tạm dịch)…', 8, 1),
(49, 21, 6, 'Gỗ Thần', 60000, 'gothan.jpg', '“Than đương nhiên là có hồn. Trước đây nơi này không gọi than là than, cậu có biết gọi là gì không?”\r\n\r\n“Không biết.”\r\n\r\n“Gọi là gỗ thần.”\r\n\r\nNhiều tác phẩm của nhà văn Lưu Khánh Bang đều có chung một vùng ám ảnh: vùng mỏ. Từng sống và làm việc nơi đây suốt chín năm, ông đã viết: “Hiện thực của mỏ than chính là hiện thực của Trung Quốc.”\r\n\r\nGỗ thần được viết dựa trên sự kiện có thật: Năm 1998, nhiều vụ án lừa gạt giết người có tổ chức xảy ra tại các hầm mỏ ở Trung Quốc, với số nạn nhân lên đến hàng trăm người. Một bức tranh cuộc sống chân thực và sống động trải ra theo ngòi bút điêu luyện của tác giả: Mỏ than xa xôi hẻo lánh là nơi những con mồi cắn câu tìm đến, không biết rằng mình đã bước chân lên con đường không có lối về, nơi có giếng mỏ tối tăm ngột ngạt như một hố đen thiếu vắng luân thường và pháp luật, nơinhững con người vật lộn mưu sinh dưới đáy xã hội với những tâm tư, dục vọng phức tạp trải qua cuộc khảo nghiệm khắc nghiệt về nhân tính, nơi những bí mật đen tối và cay đắng của họ cuối cùng bị chôn vùi, nhưng độc giả thì không thể quên được.', 10, 1),
(51, 20, 1, 'Bức Họa Múa Rối Xương (Tâp 3 + 4) - Tặng Kèm 2 Bookmark', 210000, '1702354376_345993cbec8328324dd0c4ff8a4029fc.webp', '<p>Tàu hỏa xình xịch lăn bánh, xuyên qua màn mưa mịt mù dày đặc, đưa Lâm Bán Hạ và Tống Khinh La bước vào một thế giới kỳ ảo rùng rợn được tạo dựng bởi vật dị đoan số 47777. Nghiêm trọng hơn, cả hai đều mất toàn bộ trí nhớ về cuộc sống thực của mình.</p><p>Hóa ra vật dị đoan này tồn tại dưới dạng một giấc mơ có khả năng lây lan rất mạnh. Nó có rất nhiều tầng với vô vàn cạm bẫy luôn dụ dỗ con người ta đắm chìm trong ảo ảnh, không thể nào thoát ra, chỉ một chút sơ sẩy thôi cũng đủ sức khiến bản thân rơi vào mê loạn, cuối cùng bị các tầng giấc mơ nuốt chửng.</p><p>“Trong thế giới mà 47777 là bá chủ, bất kể cậu thấy được gì, ngửi được gì, đều là mùi của nó. Cậu mãi mãi không tài nào tỉnh lại được, điên cuồng chính là lời khen, còn tử vong lại chính là phần thưởng.”</p>', 10, 1),
(52, 24, 4, 'Sách - Sơn trà nở muộn - ( tặng: Bookmark bật lửa )', 209500, '1702354638_6ad0fad7864327dc1bd760529de648b3.webp', '<p>“Tiểu Sơn Trà.”</p><p>Chung Định nhìn ra tâm tư của cô, liền ôm lấy cô, vén lên phần tóc mái chấm mắt.</p><p>“Anh không phải một người đàn ông tốt, cư xử lạnh nhạt, không làm việc thiện. Sau này có thể tính khí cũng chẳng cải thiện được bao nhiêu.\"</p><p>Hứa Huệ Chanh ngẩn ngơ nhìn hắn.</p><p>“Nhưng những thứ anh đã hứa cho em thì sẽ không thiếu một món nào.”</p><p>Hắn nâng tay trái của cô lên, hôn lên ngón tay đeo nhẫn.</p><p>“Giàu nghèo chung bước, sống chết có nhau. Nếu nuốt lời, nhất định sẽ dùng cái chết để tạ tội.” Giọng điệu của Chung Định vẫn thản nhiên, tựa như đang nói chuyện phiếm, chẳng có thành ý gì.</p><p>Cô nghe rồi lại nghe, khóc rồi lại cười.</p>', 10, 1),
(53, 25, 9, 'Tiến trình lịch sử Việt Nam', 80000, '1702432697_fe0c8f0783aa009ea73835724b613015.webp', '<p>Cuốn sách được biên soạn bám sát đề cương “Tiến Trình Lịch Sử Việt Nam” đã được đại học Quốc gia thẩm định và thông qua, cung cấp cho sinh viên những kiến thức vừa cơ bản, vừa hệ thống liên tục về quá trình phát triển của lịch sử Việt Nam từ khi có con người xuất hiện trên nước ta.</p><p>Sách phản ánh những thành tựu mới nhất của khoa học lịch sử nước ta và trên thế giới cũng như những nghiên cứu chuyên sâu của mỗi tác giả được trình bày theo quan điểm chính thống, trên tinh thần chặt chẽ, hài hòa…</p><p>Sách được chia làm 2 phần chính:</p><p>Phần 1: Lịch sử VN cổ – trung đại (từ nguồn gốc đến năm 1858).</p><p>Phần 2: Lịch sử VN cận – hiện đại (từ năm 1858 đến nay).</p>', 10, 1),
(54, 8, 9, 'Giáo trình Lịch sử văn minh thế giới', 90000, '1702432829_b155838ae62e2eaecc846f25127bfd5e.webp', '<p>Một cuốn sách nói về lịch sử của nền văn minh thế giới</p>', 10, 1),
(55, 8, 9, 'Lịch sử văn minh Trung Hoa', 115000, '1702432952_f3c06054873ba923123b153837d18368.webp', '<p>Từ khi sách ra đời đã mấy thập kỉ, nhưng công trình nghiên cứu này ở ta vẫn chưa phổ biến nhiều; trong lúc đó hãy còn một số giờ dạy và một số tài liệu khác vẫn xem nền văn hóa châu Âu mở đầu với HI-LA là tột đỉnh, là khỏi nguyên của mọi nền văn hóa. Quan điểm này đã bị w. Durant phê phán ngay tại nơi nó được phát sinh, là giới sử gia phương Tây.</p><p>Trong phần văn minh phương Đông, w. Durant viết khá kĩ về Ấn Độ và Trung Hoa. Hai quốc gia này là nơi phát sinh hai nền văn minh lớn có tác dụng và ảnh hưởng đến hai phía cửa lục địa châu Á trong đó có Việt Nam. Sự phát triển của Ấn Độ và Trung Hoa trong thập kỉ này, tuy mỗi nước có một đặc điểm riêng, nhưng luôn luôn tập trung sự chú ý của cả loài người, đặc biệt của vùng Đông Nam Á, do sự chuyển mình vươn lên với cả quá trình sôi động và phức tạp của nó.</p><p>Những con rồng nhỏ chung quanh đang trên đà phát triển, con rồng lớn đang đứng trước sự thử thách lớn lao. Thử đi ngược lại những thời kì lịch sử trước đây của Trung Hoa, Ấn Độ để làm cơ sở, tìm hiểu xu hướng phát triển hiện nay của hai nước láng giềng Việt Nam. Đó là mục đích của chúng tôi khi xuất bản tập&nbsp;&nbsp;trong bộ sách của w. Durant.</p>', 9, 1),
(56, 8, 9, 'Lịch Sử Nông Thôn + Cách Mạng Ruộng Đất Ở Việt Nam', 452000, '1702433096_60ae372255f7bb16edc16389e75a29e2.webp', '<p>Combo 3 Cuốn: Lịch Sử Nông Thôn + Cách Mạng Ruộng Đất Ở Việt Nam</p><p>- Nông thôn Việt Nam trong lịch sử tập 1: 468 trang</p><p>- Nông thôn Việt Nam trong lịch sử tập 2: 644 trang</p><p>- Cách mạng ruộng đất ở Việt Nam: 438 trang</p>', 10, 1),
(57, 26, 9, 'Việt Sử Yếu', 220000, '1702433195_5838245694b28ee07bede54d881fe337.webp', '<p>Được hoàn thiện bằng chữ Hán năm 1914, rồi được chính tác giả chuyển soạn sang chữ quốc ngữ và đăng trên Đông Dương tạp chí năm 1915, VIỆT SỬ YẾU của Hoàng Cao Khải có thể xem là cuốn sách quốc ngữ đầu tiên mở ra lối viết hiện đại về lịch sử Việt Nam. Học tập cách viết sử từ phương Tây, sách tạo nên một bứt phá đáng kể trong cách tiếp cận và biên soạn lịch sử, khác hẳn lối chép sử biên niên truyền thống của các sử gia phong kiến.</p><p>Như một cuốn sử yếu, tác phẩm khái quát ngắn gọn nhưng tương đối đầy đủ về toàn bộ lịch sử Việt Nam, từ sự khởi đầu của nhà nước Văn Lang cho đến thời điểm cuốn sách được hoàn thiện năm Duy Tân thứ tám, 1914. Thay vì lần lượt ghi chép các sự kiện theo trình tự năm tháng và các đời vua chúa, Hoàng Cao Khải đưa ra cách phân kỳ lịch sử mới, hệ thống hóa và bố cục thành các chương, tiết rành mạch, chặt chẽ, đồng thời có những ý kiến phê bình, nhận xét tinh tế, sắc bén. Đó là điều mang lại cảm hứng cùng những gợi dẫn vô cùng quan trọng để các công trình sau đó kế thừa, phát huy, trong đó trực tiếp và đáng kể nhất là Việt Nam sử lược của Trần Trọng Kim. Cho đến nay, VIỆT SỬ YẾU vẫn là một công trình mang nhiều điểm độc đáo để chúng ta cùng suy ngẫm và đối thoại.</p>', 10, 1),
(58, 8, 3, 'Tranh Truyện Dân Gian Việt Nam - Chú Bé Thông Minh', 19000, '1702433265_d2644faa8ae4c4cb52df04732b0165f4.webp', '<p>Làng nọ một hôm được lệnh vua ban: Phải nuôi sao cho ba con trâu đực đẻ ra chín con rồi mang vào kinh thành nộp cho vua. Cả làng nao núng lo sợ không biết phải làm sao. Vậy mà chú bé chưa đầy 10 tuổi đã tìm được cách cứu dân làng. Chú bé ấy làm thế nào nhỉ? Mời các em cùng đọc truyện! Những câu chuyện dân gian giúp các em giàu thêm mơ ước, biết sống đẹp và trân trọng truyền thống cha ông.</p>', 9, 1),
(59, 8, 3, 'Cổ Tích Việt Nam', 136000, '1702433325_co-tich-viet-nam.webp', '<p>Truyện cổ tích luôn đóng một vai trò quan trọng đối với sự hình thành và phát triển nhân cách của trẻ. Những câu chuyện mang đậm giá trị nhân đạo, có ý nghĩa giáo dục sâu sắc giúp các em trưởng thành, phát triển tư duy một cách lành mạnh và trong sáng nhất. Không những thế, lời văn đẹp đẽ trong các câu chuyện cổ còn có tác dụng bồi dưỡng cho trẻ năng lực thẩm mỹ, khả năng cảm thụ văn học, giúp trẻ sử dụng ngôn ngữ một cách phong phú và hiệu quả.</p><p><strong>Cổ Tích Việt Nam </strong>chọn lọc những câu chuyện đặc sắc nhất trong kho tàng truyện cổ tích Việt Nam, bao gồm: Tấm Cám, Cái ang vàng, Ở ác gặp ác, Hai cây khế, Chú bé thông minh, Chàng rể cóc, Vua Lợn, Truyện Thạch Sanh, Lưỡi dao thần, Sơn Tinh Thủy Tinh, Nàng Ngón Út…</p>', 10, 1),
(60, 8, 3, 'Cổ Tích Việt Nam - Sự Tích Hồ Ba Bể', 15000, '1702433402_c58f76af251816778c6dc6f5c31c6d36.webp', '<p>Từ thở ấu thơ, các em nhỏ đã được biết đến những câu chuyện cổ tích qua lời kể của bà. của mẹ. Đó là một thế giới vô cùng hấp dẫn, lôi cuốn với biết bao tình tiết li kỳ, những bài học giáo dục nhẹ nhàng nhưng tác động mạnh mẽ trong việc bồi dưỡng tâm hồn trẻ thơ. Huy Hoàng Bookstore chào đón các bạn đọc nhỏ tuổi đến với bộ sách \"Cổ tích Việt Nam\" được minh họa bởi những nét vẽ tươi sáng, sinh động, mang đến cho các em những cảm xúc thẩm mỹ, giúp các em càng thêm yêu kho tàng cổ tích Việt Nam hơn.</p>', 10, 1),
(61, 8, 3, 'Cổ Tích Việt Nam (Song Ngữ): Sự Tích Cây Xấu Hổ', 19000, '1702433471_688045b5fe6d22793d20191da2afaa48.webp', '<p>Sự tích cây xấu hổ lí giải về nguồn gốc của cây xấu hổ - một loại cây dại rất phổ biến ở Việt Nam.&nbsp; Câu chuyện là lời nhắc nhở đến bố mẹ đừng bao bọc bé quá nhiều, hãy dạy cho bé tính tự lập, để bé học hỏi làm mọi thứ. Bởi sau này, khi bạn không còn bên con nữa, con sẽ rất khó khăn để tự đối diện với mọi thứ một mình. Các bé cũng không nên quá ỷ lại vào bố mẹ, cần phải biết chăm sóc và yêu thương bố mẹ nhiều hơn nữa.</p>', 9, 1),
(62, 19, 1, 'Đi qua thương nhớ', 74000, '1702433741_dqtn.webp', '<p>Cùng gặp lại <strong>“Đi qua thương nhớ”</strong>…Đã 5 năm trôi qua từ khi tập thơ <strong>“Đi qua thương nhớ”</strong> được ra mắt độc giả, và cũng gần 4 năm “Đi qua thương nhớ”có phiên bản đặc biệt đầu tiên. Mỗi cuốn sách với tác giả đều là một món quà cảm xúc gửi đến mọi người. Đó cũng chính là lý do Phong Việt chọn thời điểm mùa Giáng Sinh hằng năm – mùa của những gửi trao – để phát hành tập thơ của mình. Và dù 5 năm đã trôi qua, đối với rất nhiều bạn đọc yêu quý PhongViệt thì <strong>“Đi qua thương nhớ”</strong> vẫn là một trong những mối đồng cảm lớn nhất để chúng ta gặp nhau trong cuộc đời.</p>', 10, 1);
INSERT INTO `products` (`id`, `author_id`, `cat_id`, `name`, `price`, `image`, `description`, `product_quantity`, `status`) VALUES
(63, 19, 3, 'Chúc ngủ ngon', 79000, '1702448997_anh11.webp', '<p>\"Chúc ngủ ngon\" là tập thơ song ngữ Việt – Anh thứ ba của Nguyễn Phong Việt. Sau một thập niên viết thơ, Nguyễn Phong Việt muốn góp sức mình viết nên những vần thơ thiếu nhi bởi không muốn các bạn nhỏ thiệt thòi và không có cơ hội tiếp cận với các tác phẩm thiếu nhi Việt Nam, đặc biệt là thơ ca. Chính vì thế, đến nay anh đã xuất bản ba cuốn thơ thiếu nhi song ngữ gửi tặng các độc giả nhí gồm: \"Xin chào những buổi sang\" (2018) – Nguyễn Phong Việt &amp; dịch giả Hạ Nhiên; \"Những chiếc ghế trong căn bếp nhỏ\" (2021) – Nguyễn Phong Việt &amp; dịch giả Rosy Trang Trần; \"Chúc ngủ ngon\" (2023) - Nguyễn Phong Việt &amp; dịch giả Rosy Giang Trần.</p><p>Tập thơ \"Chúc ngủ ngon\" đã góp nhặt những tâm tư, trăn trở về đời sống, tình yêu vào từng trang viết, có thể nói với phong cách viết đầy khác biệt, các tác phẩm của Nguyễn Phong Việt vẫn luôn khiến bạn đọc nhỏ tuổi đón đọc và thấy yêu hơn những vần thơ, cả những âm thanh dạt dào xúc cảm của tiếng Việt, bên cạnh đó là bản dịch tiếng Anh rất công phu của dịch giả Rosy Giang Trần giúp cho các bạn nhỏ tiếp cận một sắc thái mới của tác phẩm.</p>', 10, 1),
(64, 19, 1, 'Chỉ Cần Tin Mình Là Duy Nhất', 87000, '1702433907_cctmldn.webp', '<p>Như là lời hẹn&nbsp;ước mỗi năm, nhà thơ Nguyễn Phong Việt sẽ trình làng một tập thơ tự sự dành cho tình yêu và cuộc sống. Tất cả 60 bài thơ trong tập thơ là lời nhắn nhủ dành cho mỗi người trưởng thành, dù cuộc sống có quá nhiều va vấp&nbsp;đắng cay nhưng nghị lực và bản năng của mỗi con người là vô hạn. Chỉ những khi&nbsp;đó chúng ta&nbsp;mới biết tự mình xoa dịu những vết thương, tự mình&nbsp;đứng lên sau mỗi cú ngã nhớ&nbsp;đời, biết ôm và ngăn tim mình phải ngừng&nbsp;đau sau khi kết thúc những ngày tháng yêu thương tưởng chừng như sắp&nbsp;đi&nbsp;đến&nbsp;đoạn kết happy – ending.</p><p>Nhà thơ Nguyễn Phong Việt từng thừa nhận tập thơ “Đi qua thương nhớ” là tập thơ gây cho anh sự thương nhớ dai dẳng nhất. Vậy thì tập thơ mới thứ bảy, <strong>CHỈ CẦN TIN MÌNH LÀ DUY NHẤT</strong> có gì đặc biệt mà anh lại thở một hơi dài&nbsp; khi đặt bút xuống những dòng cuối cùng của tác phẩm? Liệu có sức nặng nào trong tập thơ này chăng?</p>', 10, 1),
(65, 1, 1, 'Crying In Trees', 200000, '1702434222_882655c60b7f8df044df0ea7ddb80d7f.webp', '<p>Đây là bản tiếng Anh \"Ngồi khóc trên cây\" của nhà văn Nguyễn Nhật Ánh. Tác giả sẽ dẫn bạn đi liền một mạch trong một thứ cảm xúc rưng rưng của tình yêu thương. Bạn sẽ thấy may mắn vì đang được sống trong cuộc sống này, thấy yêu thế những tấm lòng.</p><p>I promise myself that this visit I will make it up to Turtle. I will go to her neighborhood and give this book to her, I will go and play with her everyday, and when there is no one else around, I will take her hand without her having to ask me.&nbsp;<br>This time I will tell her that I love her very much, such a big love, and the reason why the last time I didn’t dare express my love in a natural way is because I thought I was about to die. I will tell her the story of how the doctors misdiagnosed me, and that is why I didn’t return to the village. In this spot, I will lie to Turtle a bit. I am not yet ready to mention the real reason that kept me in Sài Gòn for three whole years. The story of her origin, I will tell her later so she knows.&nbsp;</p>', 10, 1),
(66, 1, 1, 'Have a good day', 161000, 'hagd.webp', 'Originally published in Vietnamese with the title \"Chúc một ngày tốt lành\". In Have a Good Day, a motley crew of cunning piglets, receptive chicks, an energetic puppy, their seasoned mothers, as well as Peepy, their master farm boy, begin experimenting with one another\'s languages, causing a media sensation and turning village life upside down. The book invites readers into worlds where communication and understanding across species is essential, and hopefully, possible. And because these deep relationships and understandings between human and animal characters bear the potent capacity to shake up a community\'s established order, this ability and the ones who possess it become subjects of both fascination and fear. In his delightful way of storytelling, the writer gently brings readers to questions of encountering difference and maintaining openness to the worlds around us which ceaselessly offer so much for us to learn.', 10, 1),
(67, 27, 2, 'Sách kỹ năng song ngữ - Ngỏ lời khi cần giúp', 44000, '1702444766_anh1.webp', '<p>Billy-Bắt-Nạt ngày nào cũng cướp đồ ăn trưa của tớ, xô đẩy tớ hoặc ngáng chân tớ ở hành lang và dọa dẫm tớ những điều đáng sợ. Tớ sợ đi học! Billy-Bắt-Nạt còn dọa rằng, nếu tớ tiết lộ những chuyện này với ai thì nó sẽ đón lõng tớ sau khi tan trường và dạy tớ một bài học.</p><p>Tớ sẽ ôm nỗi sợ này mãi, hay là nhờ ai đó giúp mình</p><p>Cuốn sách này dạy vượt qua rắc rối</p><p>Cả bộ có 4 cuốn</p>', 10, 1),
(68, 28, 2, 'Sách Kỹ Năng Sống và nuôi dưỡng tâm hồn- Combo 2 cuốn Vì mình là cô gái tuổi teen + Mẹ hãy buông tay', 145000, '1702444937_anh2.webp', '<p>️GỠ RỐI TÂM TƯ TUỔI TEEN DÀNH CHO CHA MẸ️</p><p>“Mẹ chẳng hiểu con gì cả, mẹ ra ngoài đi mà”<br>“Sao mẹ lúc nào cũng thế, con lớn rồi.”<br>“Con mệt lắm rồi, con không muốn nói chuyện với mẹ nữa”</p><p>️Đã bao lần rồi đứa con gái bé bỏng của bạn nói với bạn những câu như thế?<br>️Đã bao lâu rồi bạn và con gái không thể nói chuyện được với nhau quá 15 phút?<br>️Đã bao ngày rồi gia đình bạn mới không có những tiếng ồn ào cãi vã của hai mẹ con?</p><p>&nbsp;VẬY THÌ:</p><p>Thay vì giấu đi đôi cánh của con và làm cho nó tê liệt, cha mẹ hãy cho con cơ hội để con được cất cánh.<br>Thay vì bao bọc, che chở cha mẹ hãy cho con cơ hội để con được học cách tự đi<br>bằng đôi chân của mình.<br>Thay vì tự quyết định và áp đặt suy nghĩ của mình với con cha mẹ hãy cho con<br>được làm những gì con muốn và con thấy cần thiết.<br>Thay vì khắt khe, ngăn cản con, hãy rộng lòng đón nhận sự thay đổi của con một<br>cách tích cực.<br>à thay vì chỉ biết làm cha mẹ, hãy biết làm bạn cùng con.</p><p>Đó cũng là mong muốn của Việt An Books gửi đến bạn đọc trong cuốn cảm nang Nhật kí tuổi teen của tác giả Đào Thiên An.</p><p>Bằng lối viết chân thực và cách nhìn của “người trong cuộc”, tác giả đã chặt lọc đủ “chất” và “lượng” những nỗi niềm khó nói, khó tỏ của tuổi teen để gửi đến mẹ.</p><p>✓Các bậc phụ huynh có con đã và đang bước vào lứa tuổi teen không nên bỏ qua cuốn cẩm nang này và hãy xem nó như là một bí kíp gỡ rối những nghi hoặc, sự khó hiểu đeo bám mình bấy lâu nay về con. Từ đó cha mẹ sẽ hiểu con hơn, đồngcảm với con hơn và quan trọng là đồng hành cùng con vượt qua khúc quanh đầy bỡ ngỡ để tự tin bước vào tương lai bằng những bước đi vững chắc và hạn chế được những sai lầm đáng tiếc.</p>', 10, 1),
(69, 30, 2, 'Giới Hạn Của Bạn Chỉ Là Xuất Phát Điểm Của Tôi (Tái Bản)', 62500, '1702445234_anh4.webp', '<p>Giới hạn là gì?</p><p>Giới hạn liệu có phải ranh giới an toàn của mỗi người?</p><p>Có lẽ không, giới hạn là để phá bỏ.</p><p>Bởi giới hạn của bạn chỉ là xuất phát điểm của người khác.</p><p>Tôi tin rằng bạn có những ước mơ rất tuyệt vời, tôi cũng tin rằng bạn có thể thực hiện được nó. Nhưng ước mơ mà không hành động thì mãi mãi chỉ nằm trong mộng tưởng, hành trình dài mà không đi thì mãi mãi vẫn chẳng thể chạm đích. Giới hạn đặt ra để bứt phá, chứ không phải điểm tận cùng. Tôi hy vọng mỗi sáng đánh thức bạn dậy không phải là tiếng chuông đồng hồ mà là khát vọng lớn lao trong trái tim bạn.</p><p>Mỗi khi bạn cảm thấy những khó khăn hiện tại đã chạm đến giới hạn của mình… Hãy đọc cuốn sách này, nó sẽ giúp bạn biến giới hạn trở thành vạch xuất phát…</p>', 10, 1),
(70, 31, 2, 'Kỹ Năng Đọc Sách Hiệu Quả', 67320, '1702448353_anh5.webp', '<p>Mỗi cuốn sách hay là một cuộc đời, một kho kinh nghiệm, được viết không chỉ một lần mà còn được viết đi viết lại hàng trăm lần trong nhiều năm. Bạn có thể dễ dàng đọc xong một cuốn sách hay chỉ trong vài tiếng đồng hồ, nhưng để nắm bắt hết giá trị của nó có thể mất đến vài năm.</p><p>Việc đọc sách hiệu quả, sẽ đưa đến cho bạn một kho tri thức khổng lồ, giúp bạn khám phá thế giới. Để tận dụng được điều đó, bạn cần có những kỹ năng đọc sách hiệu quả dưới đây:</p><ul><li>Xác định mục tiêu đọc sách</li><li>Tăng khả năng tập trung</li><li>Cải thiện khả năng ghi nhớ</li><li>Tăng cường tư duy logic</li><li>Kích thích tư duy sáng tạo</li><li>Nâng cao kỹ năng giao tiếp</li></ul><p>Cẩm nang “Kỹ năng đọc sách hiệu quả” cung cấp những giải pháp tốt nhất khi đưa ra những kỹ năng cực kỳ đơn giản giúp bạn nâng cao khả năng đọc và phân tích tài liệu, qua đó bạn không chỉ học được thêm nhiều kiến thức, mà còn làm chủ được chúng để làm giàu cho cuộc sống cá nhân.</p>', 10, 1),
(71, 32, 2, 'Sách -Kỹ Năng Làm Việc Nhóm Của Người Nhật', 67320, '1702448448_anh6.webp', '<p>Nhà xuất bản: Nhà Xuất Bản Thế Giới&nbsp;</p><p>Tác giả: Hidehiko Hamada&nbsp;</p><p>Năm xuất bản: 062018&nbsp;</p><p>Kích thước: 13 20 cm&nbsp;</p><p>Loại bìa: Bìa mềm&nbsp;</p><p>Giới thiệu sản phẩm:&nbsp;</p><p>Kỹ Năng Làm Việc Nhóm Của Người Nhật&nbsp;</p><p>Tác phẩm \"Kỹ năng làm việc nhóm của người Nhật\" được viết để trợ giúp những người đi làm đang loay hoay với vấn đề hòa nhập, giao tiếp và làm việc ở môi trường chuyên nghiệp. Cuốn sách cung cấp đầy đủ cho bạn:&nbsp;</p><p>Kỹ năng truyền đạt thông tin dễ hiểu, không gây hiểu lầm&nbsp;</p><p>Kỹ năng giải quyết vấn đề đúng yêu cầu cấp trên&nbsp;</p><p>Kỹ năng lắng nghe chủ động</p>', 10, 1),
(72, 33, 2, '1001 Lời Hay Ý Đẹp', 18700, '1702448555_anh7.webp', '<p>Qua cuốn sách <strong>1001 Lời Hay Ý Đẹp</strong>, bạn sẽ đọc được những chiêm nghiệm, những lời ý đẹp đẽ đầy tính xúc cảm hay giàu triết lý về các lĩnh vực của cuộc sống như tình yêu, tình bạn, tính cách, thái độ, cách cư xử, đàn ông, phụ nữ... của những nhân vật nổi tiếng trên thế giới thuộc nhiều lĩnh vực, làm phong phú thêm tâm hồn và trí tuệ của mình.</p>', 10, 1),
(73, 27, 2, 'Lãnh Đạo Bằng Sức Mạnh Trí Tuệ Cảm Xúc', 135500, '1702448670_anh8.webp', '<p>Định kiến về sự phiền nhiễu của cảm xúc tại nơi làm việc đã cắm rễ quá sâu trong suy nghĩ của hầu hết chúng ta. Trên thực tế, mặc dù năng lực nhận thức thuần túy và năng lực chuyên môn là cần thiết cho công việc, nhưng chính các năng lực trí nhớ cảm xúc mới giúp phân định ra nhà lãnh đạo xuất chúng.<br>Những nghiên cứu mang tính đột phá về não bộ đã cho thấy sức mạnh của nhà lãnh đạo giàu trí tuệ cảm xúc trong việc truyền cảm hứng, khơi dậy cảm xúc tích cực và nhiệt tình cống hiến nơi nhân viên.<br>Tạp chí Time nhận xét về nội dung sách: “Cũng như cách mà cuốn sách đầu tiên của Goleman, Emotional Intelligence, mở rộng tầm nhìn của chúng ta về trí thông minh cảm xúc, Lãnh đạo bằng sức mạnh trí tuệ cảm xúc thay đổi gần như hoàn toàn các quan điểm trước nay về một nhà lãnh đạo tài ba.”<br>Tố chất lãnh đạo không phải tự nhiên mà có, nó là cộng hưởng giữa IQ (Trí tuệ) và EQ (Cảm xúc), việc rèn luyện và có tầm nhìn khám phá bản thân sao cho dung hòa được cả hai yếu tố trên là điều rất cần thiết của các nhà lãnh đạo hiện tại và tương lai.<br>Việc quản lý con người thông qua cảm xúc và trí tuệ không phải là việc đơn giản mà ai cũng có thể làm được. Tuy nhiên, nếu nhà lãnh đạo có sự cộng hưởng của Trí Tuệ và Cảm Xúc thì mọi khúc mắc, xung đột trong quá trình làm việc cùng nhau sẽ không khó giải quyết.<br>Ngoài Bốn phong cách đứng đầu gồm Tầm nhìn (visionary), Huấn luyện (coaching), Liên kết (affiliative), Dân chủ (democratic) giúp tạo sự cộng hưởng nhằm nâng cao hiệu suất làm việc, thì hai phong cách lãnh đạo còn lại là Yêu cầu cao độ (paceseting) và Mệnh lệnh (commanding) chỉ hữu ích trong một số trường hợp và nên được áp dụng một cách thận trọng. Đây là Sáu phong cách lãnh đạo, sự cộng hưởng không chỉ bắt nguồn từ tâm lý hay kỹ năng thuyết phục của nhà quản lý, nó còn đến từ việc phối hợp nhuần nhuyễn các phong cách lãnh đạo.<br>Cả ba tác giả Daniel Goleman, Richard Boyatzis và Anni McKee đều có nhiều năm kinh nghiệm trong việc giảng dạy, nghiên cứu, báo cáo về bộ não, hành vi tổ chức, Tâm lý học và Khoa học, nội dung với lối viết súc tích, các tác giả thể hiện những quá trình phức tạp và có phần trừu tượng một cách dễ hiểu, cuốn hút và khơi gợi cảm hứng nơi bạn đọc – (theo Tạp chí USA Today).<br>Đã đến lúc chúng ta phải nhìn nhận những lợi ích thiết thực của lãnh đạo bằng Trí Tuệ Cảm Xúc, đồng thời bồi dưỡng năng lực này nơi đội ngũ quản lý nhằm tạo sự cộng hưởng tích cực giúp thúc đẩy và truyền cảm hứng cho toàn doanh nghiệp, tổ chức.<br>Xây dựng tổ chức trên nền tảng Trí Tuệ Cảm Xúc không chỉ dành riêng cho các nhà lãnh đạo mà nó còn giúp các nhân tố cá nhân có định hướng phát triển sự nghiệp, nâng cao tầm nhìn để trở thành một nhà lãnh đạo tương lai. Những bài học đắt giá cùng kỹ năng thực tế còn giúp các bạn sinh viên chuyên ngành quản lý, quản trị thiết thực hơn, có tầm nhìn lý tưởng, tạo dựng sự thay đổi bền vững nhất.</p>', 10, 1),
(74, 34, 2, 'Muốn Nghèo Cũng Khó Lắm Chứ Bộ', 33000, '1702448756_anh9.webp', '<p>Công ty phát hành Nhân Văn<br>Tác giả Hàn Ni<br>Năm XB 2019<br>Nhà xuất bản Tổng Hợp TP.HCM</p><p>Trọng lượng(gr) 200<br>Kích thước 13 x 21</p><p>Hình thức Bìa Mềm<br>Số trang 240</p><p>--------------------</p><p>#GIỚI THIỆU SÁCH</p><p>Muốn Nghèo Cũng Khó Lắm Chứ Bộ</p><p>Cuốn sách Muốn Nghèo Cũng Khó Lắm Chứ Bộ của Nhà báo Hàn Ni đơn giản là những chia sẻ về lối sống, những trải nghiệm, những mẫu chuyện tản mạn nhưng rất gần gũi và thiết thực.</p><p>Tác giả luận về sự giàu, nghèo không chỉ về phương diện tiền của tài sản mà giàu nghèo về kiến thức, tâm hồn, ý chí và nhân cách:</p><p>Muốn giàu, phải có tư duy phục vụ. Vì doanh nghiệp càng phục vụ cho nhiều người bao nhiêu thì càng giàu bấy nhiêu.</p><p>Muốn giàu, đừng bao giờ kiếm lợi từ người thân. Gà què mới ăn quẩn cối xoay, kiếm lợi từ người thân sẽ bó hẹp cuộc đời mình nhỏ lại.</p><p>Hãy ra đời mà bơi, có thất bại cũng biết được thế nào là biển trời bao la.</p>', 10, 1),
(75, 35, 2, 'Nóng Giận Là Bản Năng, Tĩnh Lặng Là Bản Lĩnh (Bí Kíp Tu Dưỡng Một Trái Tim Trong Sáng)', 43000, '1702448932_anh10.webp', '<p>Sai lầm lớn nhất của chúng ta là đem những tật xấu, những cảm xúc tiêu cực trút bỏ lên những người xung quanh, càng là người thân càng dễ gây thương tổn.</p><p>Cái gì cũng nói toạc ra, cái gì cũng bộc lộ hết không phải là thẳng tính, mà là thiếu bản lĩnh. Suy cho cùng, tất cả những cảm xúc tiêu cực của con người đều là sự phẫn nộ dành cho bất lực của bản thân. Nếu bạn đúng, bạn không cần phải nổi giận. Nếu bạn sai, bạn không có tư cách nổi giận.</p><p>Đem một nắm muối bỏ vào cốc nước, cốc nước trở nên mặn chát. Đem một nắm muối bỏ vào hồ nước, hồ nước vẫn ngọt lành. Lòng người cũng vậy, càng nông cạn càng dễ biến chất, càng sâu sắc càng khó lung lay. Ý nghĩa của đời người không ngoài việc tu tâm dưỡng tính, để mở lòng ra bao la như biển hồ, trước những nắm muối thị phi của cuộc đời vẫn thản nhiên không xao động.</p><p>“Nóng giận là bản năng, tĩnh lặng là bản lĩnh” là từ bỏ “tam độc”, tu dưỡng một trái tim trong sáng:</p><ul><li>Từ bỏ “tham” – bớt một phần ham muốn, thêm một phần tự do.</li><li>Từ bỏ “sân” – bớt một phần tranh chấp, thêm một phần ung dung.</li><li>Từ bỏ “si” – bớt một phần mê muội, thêm một phần tĩnh tâm.</li></ul><p>Cuốn sách là tập hợp những bài học, lời tâm sự về nhân sinh, luận về cuộc đời của đại sư Hoằng Nhất – vị tài tử buông mọi trần tục để quy y cửa Phật, người được mệnh danh tinh thông kim cổ và cũng có tầm ảnh hưởng lớn trong Phật giáo.</p><p>Trưởng thành, hãy để lòng rộng mở, tiến gần đến chữ “Người”, học được cách bao dung, học được cách khống chế cảm xúc. Đừng để những xúc động nhất thời như ngọn lửa, tưởng thiêu rụi được kẻ thù mà thực ra lại làm bỏng tay ta trước.</p>', 10, 1),
(76, 36, 2, 'Yêu Mình Trước Đã, Yêu Đời Để Sau', 74700, '1702449943_anh12.webp', '<p>Tình yêu bản thân là sự cân bằng giữa việc chấp nhận con người thật của chính mình, song song với việc biết rằng mình xứng đáng với những điều tốt đẹp hon, và hành động theo kim chỉ nam đó.<br><br>Tác giả truyền cảm hứng<br><br><strong>Yêu mình trước đã, yêu đời để sau</strong> được chấp bút bởi Vex King - một nhà văn, một huấn luyện viên tinh thần và một doanh nhân – người đã trải qua vô vàn thử thách trong quá trình trưởng thành. Anh từng sống dưới đáy của cuộc đời khi cha anh qua đời từ khi anh còn là một đứa trẻ, từng trải qua thời gian sống vô gia cư và lớn lên trong một khu phố nhiều tệ nạn. Anh cũng thường xuyên bị bắt nạt do nạn phân biệt chủng tộc.</p><p>Tuy nhiên, Vex vẫn vươn lên mạnh mẽ và thành công trong cuộc sống. Tài khoản Instagram cá nhân của anh (@vexking) đã trở thành nguồn cảm hứng của hàng ngàn người trẻ. Anh là người bắt đầu phong trào \"Good Vibes Only #GVO\" để giúp người khác sử dụng sức mạnh của sự tích cực để biến đổi bản thân và cuộc sống của họ thành một điều gì đó vĩ đại hơn.</p><p>Cuốn sách cần một sự kết hợp qua lại giữa nội dung cuốn sách và cam kết của người đọc</p><p>\"Yêu mình trước đã, yêu đời để sau\" đòi hỏi bạn phải cam kết ngay bây giờ để trở thành phiên bản tốt hơn, vĩ đại hơn của chính mình. Mục tiêu của nó là giúp bạn trở nên tốt hơn so với chính bạn ngày hôm qua, mỗi ngày, trong mọi lĩnh vực, và trong suốt phần đời còn lại của bạn.</p><p>Sự vĩ đại không phải là khái niệm một chiều. Mặc dù xét về mặt chủ quan, hầu hết mọi người sẽ liên tưởng khái niệm này với việc có một khả năng đặc biệt, có nhiều tiền hoặc của cải vật chất, quyền lực hoặc địa vị, và những thành tựu to lớn mà họ đã đạt được qua nhiều quá trình nỗ lực, đấu tranh. Nhưng sự vĩ đại thực sự sâu sắc hơn như vậy rất nhiều. Sự vĩ đại không thể tồn tại nếu thiếu đi mục đích, tình yêu, lòng vị tha, sự khiêm tốn, sự trân trọng, lòng nhân hậu, và tất nhiên – đặc ân lớn nhất mà con người được ban tặng – niềm hạnh phúc.</p><p>Bạn xứng đáng với một cuộc sống tốt đẹp hơn và cuốn sách này sẽ giúp bạn tạo ra cuộc sống đó !</p>', 10, 1),
(77, 37, 4, 'Ngôi Nhà Bên Bờ Biển Xanh Thẳm', 135000, '1702450075_anh13.webp', '<p><strong>Ngôi Nhà Bên Bờ Biển Xanh Thẳm</strong></p><p>(The House in the Cerulean Sea – T.J.Klune)</p><p>Sách bán chạy của New York Times, USA Today và Washington Post.</p><p>Đoạt giải thưởng Alex Awards 2021 - Giải thưởng hàng năm tôn vinh 10 cuốn sách viết cho người lớn có sức hấp dẫn đặc biệt.</p><p>Đoạt giải thưởng RUSA Awards 2021 - Hạng mục tiểu thuyết giả tưởng.</p><p>Lọt danh sách \"Những cuốn sách được mong đợi nhất mùa xuân 2020\" của Publishers Weekly.</p><p>Lọt danh sách \"20 cuốn sách giả tưởng thú vị phải đọc\" của Book Riot.</p><p>Linus Baker là một nhân viên công tác xã hội làm việc tại Sở Phụ Trách Thanh Thiếu Niên Nhiệm Màu. Anh nhận nhiệm vụ xác định xem sáu đứa trẻ “trông có vẻ nguy hiểm” và đang sinh sống tại đảo Marsyas liệu có khả năng mang đến ngày tận thế hay không.</p><p>Arthur Parnassus là chủ trại trẻ mồ côi. Anh là người yêu thương, quan tâm và sẽ làm bất cứ điều gì để bọn trẻ được an toàn, ngay cả khi điều đó có nghĩa là thế giới sẽ bùng cháy và những bí mật anh muốn giấu kín bị phơi bày.</p><p>Ngôi nhà bên bờ biển xanh thẳm là một cuốn sách nhẹ nhàng và ngọt ngào, chứa đựng những bài học đời thường mà đôi khi con người quên mất. Rằng những điều bất ngờ nhất, phù hợp nhất sẽ vô tình xuất hiện khi bạn không mong chờ nhất.</p><p>“Nhà không phải lúc nào cũng là ngôi nhà nơi ta sống. Đó còn là những người chúng ta lựa chọn để ở bên…”</p><p><strong>GIỚI THIỆU TÁC GIẢ T.J.KLUNE</strong></p><p>T.J.Klune tên thật là Travis John Klune (sinh ngày 20 tháng 5 năm 1982 ở Roseburg, Oregon), là một tác giả người Mỹ với các tác phẩm thuộc thể loại tiểu thuyết giả tưởng và lãng mạn có các nhân vật đồng tính và LGBTQ.</p><p>Những trải nghiệm sống của T.J.Klune với người vô tính, người đa dạng tính dục và đa dạng thần kinh đã trở thành nguồn cảm hứng sáng tác của anh. Cuốn tiểu thuyết giả tưởng Ngôi nhà bên bờ biển xanh thẳm (The House in the Cerulean Sea) là sách bán chạy nhất của Thời báo New York và đã chiến thắng Giải thưởng Alex và Mythopoeic năm 2021.</p>', 10, 1),
(78, 38, 4, 'Tiểu Thuyết Kinh Điển: QUO VADIS (BÌA CỨNG)', 168500, '1702450178_anh14.webp', '<p><strong>Tiểu Thuyết Kinh Điển: QUO VADIS (BÌA CỨNG) - Top Sách Văn Học Nước Ngoài Bán Chạy Nhất Mọi Thời Đại / Tặng Kèm Bookmark Green Life</strong></p><p>&nbsp;</p><p><strong>Quo Vadis</strong> - cuốn tiểu thuyết giúp văn hào Henryk Sienkiewicz ( người Ba Lan) đoạt giải Nobel văn học năm 1905, đã được dịch ra hơn 50 ngôn ngữ.<br><br>Quo vadis thuật lại chuyện tình&nbsp; giữa một thiếu nữ cơ Đốc tên Ligia (hoặc Lygia, và Marcus Vinicus, một quý tộc la mã. Chuyện xảy ra tại thành Roma dưới thời hoàng đế Nero.<br><br>Cuốn sách phản ánh cuộc sống dưới triều đại của hoàng đế Nero thời cổ la mã thông qua câu chuyện tình đầy éo le ngang trái của chàng quý tộc Vinxius với nàng Ligia theo cơ Đốc giáo, hai nhân vật đại diện cho hai phe đối lập.<br><br>Tác phẩm còn truyền tải một thông điệp mạnh mẽ ủng hộ cơ Đốc giáo. Ngoài ra, tác phẩm cũng gián tiếp giải thích về nguồn gốc sâu xa của cơ Đốc giáo tại Ba Lan. Ligia, nhân vật nữ trong câu chuyện là công chúa của bộ tộc Ligia, tiền thân của người Ba Lan hiện nay.<br><br>Tác phẩm cũng rất nhiều lần được đưa lên sân khấu và màn ảnh ngay từ những năm xa xưa nhất, đông thời nó cũng trở thành đề tài của không ít công trình khảo cứu, không những chỉ ở Ba Lan mà trên phạm vi thế giới.</p>', 10, 1),
(79, 39, 4, 'Hiệu Sách Nhỏ Ở Paris', 103000, '1702450322_anh15.webp', '<p>New York Times Bestseller<br>A Barnes and Noble Best of 2015 Selection<br>A LibraryReads Favorite of the Favorites Selection<br><br>Cuốn sách là câu chuyện về Monsieur Perdu, chủ tiệm sách bên bờ sông Seine, người tự gọi mình là dược sĩ văn chương. Nhờ giác quan đặc biệt của mình, ông có thể kê đơn cho độc giả chính xác những cuốn sách giúp họ vượt qua khó khăn trong cuộc sống. Chữa lành vết thương, hàn gắn trái tim người khác, song Monsieur Perdu lại không thể chữa cho chính mình, và trái tim ông vẫn luôn rỉ máu từ khi người yêu ông bỏ ra đi để lại một bức thư mà ông chưa từng mở ra. Rồi đến một ngày, ông đọc lá thư và quyết định khám phá kết cục của câu chuyện đời mình. Cùng với một tác giả sách bán chạy nhưng bị cấm xuất bản, và một đầu bếp người Ý thất tình, Perdu du hành dọc theo những dòng sông nước Pháp, cho chúng ta thấy rằng thế giới văn chương có thể đưa tâm hồn con người lên một cuộc du hành hàn gắn và chữa lành như thế nào.<br><br>Hiệu sách nhỏ ở Paris là một lá thư tình gửi đến sách, đến tất cả những người tin rằng sức mạnh của những câu chuyện có thể định hình cuộc sống của chúng ta.</p>', 10, 1),
(80, 40, 4, 'Mắt Nào Xanh Nhất', 148500, '1702450411_anh16.webp', '<p><i>Cả đời Pecola chỉ ao ước một đôi mắt xanh. Mắt xanh xinh đẹp, mắt màu thiên thanh, mắt xanh như mắt Shirley Temple tóc vàng da trắng. Đôi mắt xanh là hi vọng duy nhất để con bé da đen nhìn cuộc sống khác đi, để thấy mình không xấu xí, không bị chà đạp, được tự do và được yêu thương. Nhưng tiếc thay, phép lạ không có thật…</i></p><p><i><strong>Mắt nào xanh nhất</strong></i><strong>&nbsp;</strong>là cuốn tiểu thuyết đầu tay của tác giả&nbsp;<strong>Toni Morrison</strong>&nbsp;(tên gốc: The Bluest Eye – 1970), kể về Pecola – một bé gái da đen lớn lên ở Lorain, Ohio (quê hương của tác giả) trong những năm sau cuộc Đại khủng hoảng. Pecola cầu nguyện cho đôi mắt của mình chuyển sang màu xanh, để con bé được yêu quý như tất cả những đứa trẻ da trắng, tóc vàng, mắt xanh ở Mĩ. Vào mùa thu năm 1941, năm cúc vạn thọ trong vườn của Breedloves không nở hoa, cuộc sống của Pecola thay đổi theo những cách đau đớn và tàn khốc.</p><p>Cuốn sách, với ngôn từ phong phú và tầm nhìn táo bạo, tái hiện lại sống động nỗi sợ hãi, sự cô đơn và bi kịch của một bé gái da đen, phơi bày hiện thực trần trụi về sự khác màu da nhức nhối trong lòng nước Mỹ. Cho tới thời điểm hiện tại, <i><strong>Mắt nào xanh nhất</strong></i>&nbsp;vẫn là một trong những tiểu thuyết có sức ảnh hưởng mạnh mẽ và khó quên nhất của Toni Morrison.</p><p>Toni Morrison là giáo sư ngành Nhân văn tại Đại học Princeton, từng nhận giải National Book Critics Circle, và giải Pulitzer với tiểu thuyết \"Beloved\". Bà là người phụ nữ Mỹ gốc Phi đầu tiên giành <strong>̉ ̛̛̉ Văn chương</strong>&nbsp;(1993).</p><p>Nữ nhà văn đã dày công tìm hiểu bản sắc người gốc Phi trên đất Mĩ, và đặc biệt là trải nghiệm của những người phụ nữ da đen.</p><p>\"Bà không ngần ngại phơi bày ra ánh sáng những trang sử tối tăm của người da đen, bị đối xử tàn tệ và giáng cấp, một quá khứ đau thương đến không tưởng của một thời đại thiếu vắng tình yêu thương.\"<br>Cựu Tổng thống Barack Obama từng nói về bà: \"Tác phẩm của Toni Morrison mang đến cho chúng ta loại sức mạnh của luân lý và cảm xúc mà ít nhà văn nào làm được\".</p><p>Toni Morrison qua đời năm 2019, để lại những áng văn chương ám ảnh, một bài học về lịch sử, niềm tin và sức mạnh con người.</p>', 10, 1),
(81, 41, 4, 'Xa Ngoài Kia Nơi Loài Tôm Hát - Where The Crawdads Sing', 112201, '1702450510_anh17.webp', '<p>Xa Ngoài Kia Nơi Loài Tôm Hát</p><p>Sáu triệu bản bán ra trên toàn thế giới<br>58 tuần trong danh sách bán chạy của New York Times<br>Dẫn đầu mục tiểu thuyết bán chạy của Amazon trong năm 2019</p><p>Trong nhiều năm, những tin đồn về \"Cô gái đầm lầy\" đã ám ảnh Barkley Cove, một thị trấn yên tĩnh trên bờ biển Bắc Carolina. Vì vậy, khi nơi này rúng động với cái chết đầy bí ẩn của Chase Andrew, người dân địa phương ngay lập tức đổ dồn nghi ngờ vào cô.<br>Nhưng Kya Clark – cô gái hoang dã ấy có phải là thủ phạm?<br>Thông minh và nhạy cảm, cô đã sống sót sau nhiều năm cô đơn trong đầm lầy, trú ẩn trong lòng mẹ thiên nhiên, kết bạn với mòng biển và học những bài học đắt giá trên bờ cát. Khi trái tim tuổi mới lớn mở ra, cô cũng chạm vào yêu thương với hai chàng trai, bắt đầu một cuộc sống mới cho đến khi điều bất ngờ xảy đến…</p><p>“Một tiểu thuyết lãng mạn đầy ắp hơi thở thiên nhiên với một cú ngoặt chết người.” — REFINERY29</p><p>“Đầy chất thơ… Sức hấp dẫn của cuốn sách đến từ sự liên kết sâu sắc giữa Kya với vùng đất đã là nhà cô, và với mọi sinh vật của vùng đất đó.” — BOOKLIST</p>', 17, 1),
(82, 42, 4, 'Sách Văn Học Nước Ngoài- Hai Số Phận (Tái Bản 2023)', 175500, '1702450610_anh18.webp', '<p><strong>Hai Số Phận</strong></p><p>Hai số phận” không chỉ đơn thuần là một cuốn tiểu thuyết, đây có thể xem là \"thánh kinh\" cho những người đọc và suy ngẫm, những ai không dễ dãi, không chấp nhận lối mòn.<br>“Hai số phận” làm rung động mọi trái tim quả cảm, nó có thể làm thay đổi cả cuộc đời bạn. Đọc cuốn sách này, bạn sẽ bị chi phối bởi cá tính của hai nhân vật chính, hoặc bạn là Kane, hoặc sẽ là Abel, không thể nào nhầm lẫn. Và điều đó sẽ khiến bạn thấy được chính mình.<br>Khi bạn yêu thích tác phẩm này, người ta sẽ nhìn ra cá tính và tâm hồn thú vị của bạn!<br>“Nếu có giải thưởng Nobel về khả năng kể chuyện, giải thưởng đó chắc chắn sẽ thuộc về Archer.”</p>', 10, 1),
(83, 43, 4, 'Một Cuốn Sách Buồn… Cười - Vui Vẻ Không Quạu Nha 2', 53000, '1702450741_anh19.webp', '<p>“Tôi lúc 6 tuổi: Mẹ ơi, 25 tuổi con sẽ mua cho mẹ một căn nhà lớn và chiếc xe hơi!</p><p>Tôi lúc 25 tuổi: Mẹ yêu, shipper đến rồi con còn thiếu 20k để nhận hàng.”</p><p>Đúng là tuổi trẻ chưa trải sự đời, lớn rồi mới biết hóa ra cuộc đời không chỉ có màu hồng, không phải cái gì mình thích, mình muốn là a lê hấp bạn sẽ có được ngay, mà trái lại - bạn phải vật lộn với đủ thứ, dù chỉ đơn giản là để sống một đời bình thường thôi.</p><p>Nhưng mà hỏi thật lòng nhé, cuộc đời thực sự “khó ở” và “buồn” tới vậy à?</p><p>Nếu mà có, thì xin mời bạn mở ngay cuốn sách mới tinh này của Skybooks, “Một cuốn sách buồn… cười” để thấy hóa ra đời cũng khá là buồn… cười! Tinh túy và mang siêu năng lực “hút hồn” khiến bạn không thể rời mắt, “Một cuốn sách buồn… cười” - tác phẩm thứ hai nối tiếp thành công của cuốn sách Bestseller “Vui vẻ không quạu nha” từ tác giả Ở Đây Zui Nè sẽ khiến bạn cười như chưa bao giờ được cười sau những giờ chiến đấu với cuộc đời đầy căng thẳng!</p><p>Mang đậm tính hài hước, tếu táo và trẻ trung của Gen Z, đây sẽ là một cuốn sách dễ dàng khiến nhiều người thích thú bởi như nhìn thấy chính bản thân trong từng trang sách:</p><p>“Có thể bạn thấy tôi bình tĩnh với mọi thứ. Nhưng thực ra trong đầu tôi đã bỏ cuộc 7749 lần”.</p><p>“Vì đây là cuộc sống, nên ngày trước bạn có thể khóc vì người yêu cũ, và tiếp theo bạn thả thính đu dây một lúc với bảy người!”</p><p>“Bạn có biết là con gái luôn đọc tin nhắn trong bảng xem trước. Nhưng họ chỉ trả lời khi họ thật sự muốn trả lời.”</p><p>Nhỏ nhắn, nhưng dí dỏm một cách đầy thông minh, tác giả Ở Đây Zui Nè sẽ biến đủ thứ rắc rối thường ngày vẫn làm bạn đau đầu như chuyện “sừng”, chuyện sắm đồ online, chuyện bạn bè, chuyện lương lậu, gia đì thành những chuyện dễ thở và bớt bực bội hơn rất nhiều.</p><p>“Một cuốn sách buồn… cười” hi vọng siêu phẩm độc đáo này sẽ giúp bạn “đắm mình” trong bể muối để mặn mòi từ da dẻ, thư giãn và điều chỉnh tâm trạng theo cách nghịch ngợm mà đơn giản nhưng hiệu nghiệm nhất!</p><p>Vì cuộc đời vốn không dễ dàng, sao chúng mình không sống nó theo một cách khác? Hạnh phúc hơn, theo một cách buồ cười nhỉ?</p>', 10, 1),
(84, 44, 4, 'Don Quixote Nhà quý tộc tài ba xứ Mancha - Tập 1', 121000, '1702450844_anh20.webp', '<p>“Don Quixote khởi đầu như một tỉnh lẻ, trở thành Tây Ban Nha, và cuối cùng như một vũ trụ.”<br>- V. S. Pritchell<br><br>“Có thể nói mọi tiểu thuyết văn xuôi đều là biến tấu trên chủ đề Don Quixote.”<br>- Lionell Trilling<br><br>“Cervantes là người sáng lập Thời Hiện đạ Tiểu thuyết gia không cần trả lời ai ngoài Cervantes. Thực sự không thể hình dung nổi Don Quixote như một con người bằng xương bằng thịt, nhưng trong tâm trí của chúng ta, còn có nhân vật nào sống động hơn?”<br>- Milan Kundera<br><br>Don Quixote, tiểu thuyết hay nhất mọi thời đại, được dịch ra nhiều thứ tiếng nhất và được tái bản nhiều nhất trong lịch sử nhân loại, chỉ sau Kinh Thánh.</p>', 10, 1),
(85, 45, 4, 'Một', 50000, '1702450992_anh21.webp', '<p>Một người cha không bao giờ bước chân vào viện bảo tàng, chỉ đọc báo địa phương, không dùng gì khác ngoài con dao Opinel của riêng mình để ăn. Một người cha xuất thân nông dân rồi trở thành công nhân và cuối cùng là chủ một tiệm cà phê kiêm cửa hàng tạp phẩm. Một người cha luôn lo lắng bị nhầm “vị trí”. Cũng người cha ấy lấy làm tự hào về cô con gái nhờ được học hành tử tế mà đã đặt chân được vào giới tiểu tư sản. Nhưng đằng sau đó là khoảng cách, là những đớn đau, giằn vặt giữa cha và con.</p><p>Một chỗ trong đời là câu chuyện về cuộc đời người cha ấy, được kể lại dưới ngòi bút của cô con gái, một cách lạnh lùng nhất có thể, với lối viết hờ hững, không cảm xúc, như những gì xảy đến tự nhiên. Chính lối viết tưởng như giản dị ấy đã mang lại cho Annie Ernaux giải Renaudot năm 1984.</p>', 10, 1),
(86, 46, 4, 'Những vị thần nước Mỹ (American Gods - Neil Gaiman)', 213500, '1702451260_anh22.webp', '<p>Tác giả: Neil Gaiman&nbsp;</p><p>Dịch giả: Lê Minh Đức&nbsp;</p><p>Nhà xuất bản: Phụ nữ&nbsp;</p><p>Số trang: 648&nbsp;</p><p>Kích thước: 15.524 cm&nbsp;</p><p>Ngày phát hành: 12-2021&nbsp;</p><p>“Độc đáo, cuốn hút, và sáng tạo bất tận.”&nbsp;</p><p>- George R. R. Martin, tác giả của Trò chơi vương quyền -&nbsp;</p><p>- Michael Chabon -&nbsp;</p><p>Shadow sắp sửa mãn hạn tù. Anh khấp khởi nghĩ về thời khắc phóng thích sắp đến, về một cuộc sống giản dị êm đềm bên cạnh người vợ mà anh yêu tha thiết. Nhưng ngày ra tù, anh biết tin vợ mình vừa qua đời trong một tai nạn giao thông, và trên máy bay anh gặp một ông già tự xưng là Wednesday đòi thuê anh làm vệ sĩ. Theo một lối dần dà nhưng chắc chắn, mềm mại nhưng khôn cưỡng, Shadow bị cuốn vào một trận chiến kinh thiên động địa của các vị thần giữa lòng nước Mỹ hiện đại.&nbsp;</p><p>Hiếm nhà văn nào có thể tạo ra được một thế giới hư cấu vừa chân thực lại vừa kỳ ảo, vừa phức tạp lại vừa cuốn hút được như Neil Gaiman. Một cách khéo léo và tinh vi, Neil Gaiman lồng vào bên dưới bề mặt thực tại vô cùng gần gụi và bình thường với chúng ta, một thế giới thăm thẳm và biến ảo khôn lường của các thánh thần.&nbsp;</p><p>TÁC GIẢ:&nbsp;</p><p>Neil Gaiman 10/11/1960 là nhà văn Anh gốc Do Thái, tác giả của nhiều tiểu thuyết, truyện ngắn, truyện tranh nổi tiếng. Ông là chủ nhân của nhiều giải thưởng danh giá, bao gồm giải thưởng Hugo, Nebula, và giải Bram Stoker, cùng với huân chương Newbery và Carnegie. Chịu ảnh hưởng sâu sắc từ các thần thoại cổ xưa, Neil Gaiman được coi là một cây bút có biệt tài sáng tạo ra những thế giới hư cấu huyền hoặc mà người đọc một khi đặt chân vào thì không thể nào dứt khỏi.&nbsp;</p><p>Những tác phẩm của Neil Gaiman đã được Nhã Nam xuất bản:&nbsp;</p><p>- Coraline&nbsp;</p><p>- Bụi sao&nbsp;</p><p>- Đại dương cuối đường làng&nbsp;</p><p>- Còn sữa là còn hy vọng&nbsp;</p><p>- Thần thoại Bắc Âu&nbsp;</p><p>- Câu chuyện nghĩa địa</p>', 10, 1),
(87, 48, 4, 'Đồi Gió Hú (Tái Bản)', 77300, '1702451463_anh24.webp', '<p><strong>Đồi Gió Hú (Tái Bản)</strong></p><p>Đồi gió hú, câu chuyện cổ điển về tình yêu ngang trái và tham vọng chiếm hữu, cuốn tiểu thuyết dữ dội và bí ẩn về Catherine Earnshaw, cô con gái nổi loạn của gia đình Earnshaw, với gã đàn ông thô ráp và điên rồ mà cha cô mang về nhà rồi đặt tên là Heathcliff, được trình diễn trên cái nền những đồng truông, quả đồi nước Anh cô quạnh và ban sơ không kém gì chính tình yêu của họ. Từ nhỏ đến lớn, sự gắn bó của họ ngày càng trở nên ám ảnh. Gia đình, địa vị xã hội, và cả số phận rắp tâm chống lại họ, bản tính dữ dội và ghen tuông tột độ cũng hủy diệt họ, vậy nên toàn bộ thời gian hai con người yêu nhau đó đã sống trong thù hận và tuyệt vọng, mà cái chết chỉ có ý nghĩa khởi đầu. Một khởi đầu mới để hai linh hồn mãnh liệt đó được tự do tái ngộ, khi những cơn gió hoang vắng và điên cuồng tràn về quanh các lâu đài trong Đồi gió hú</p><p>Cuốn tiểu thuyết duy nhất của Emily Brontë, là cuốn sách đã tới tay công chúng với nhiều lời bình trái ngược vào năm 1847, một năm trước khi nữ tác giả qua đời ở tuổi ba mươi. Thông qua mối tình giũa Cathy và Heathcliff, với bối cảnh là đồng quê Yorkshire hoang vu trống trải, Đồi gió hú đã tạo nên cả một thế giới riêng với xu hướng bỏ qua lề thói, vươn tới thi ca cũng như tới những chiều sâu tăm tối của lòng người, giúp tác phẩm trở thành một trong những tiểu thuyết vĩ đại nhất, bi thương nhất mà con người từng viết ra về nỗi đam mê cháy bỏng.</p><p>Nhận định</p><p>\"Tựa như Emily Brontë có thể mở toang những gì thuộc về con người, và lấp đầy những khoảng trống không thể nhìn ra được bằng một luồng gió mạnh của cuộc đời.”</p><p>- Virginia Woolt -</p><p>\"Đồi gió hú là tiểu thuyết duy nhất của Emily Brontë, người đã chết ngay sau khi tác phẩm được xuất bản, ở tuổi ba mươi. Một câu chuyện u sầu vùng Yorrkshire về một mối tình mạnh hơn cả cái chết, cũng là một cái nhìn dữ dội về dục vọng siêu hình mà theo đó, cả thiên đường, địa ngục, thiên nhiên và xã hội cùng gắn bó mãnh liệt. Độc nhất, huyền bí, với một văn phong phi thời, tiểu thuyết đã trở thành tác phẩm kinh điển của văn học Anh.”</p><p>- The Oxford University Press -</p>', 10, 1),
(88, 49, 4, 'Cuốn Tiểu Thuyết Lãng Mạn : Những Thuyền Trưởng Can Đảm ( Tác Phẩm Văn Học Nước Ngoài Hay)', 71500, '1702451551_anh25.webp', '<p><i><strong>Cuốn Tiểu Thuyết Lãng Mạn : Những Thuyền Trưởng Can Đảm ( Tác Phẩm Văn Học Nước Ngoài Hay)</strong></i></p><p>&nbsp;</p><p>Mặt biển không ngừng cuộn sóng, những con sóng dữ tợn nối tiếp nhau, xô quật vào mạn thuyền, con thuyền Có chúng tôi đây! chao đảo như thể có một bàn tay khổng lồ vô hình nào đó trồi lên giữa biển khơi, đang hào hứng rung lắc thật mạnh cột buồm chính. Nếu giờ này Harvey vẫn còn đang ở trên chiếc du thuyền sang trọng kia, hẳn cậu sẽ không bao giờ được trực tiếp cảm nhận sự hùng vĩ của đại dương cũng như sự can trường của những người đánh cá vẫn ngày ngày đối mặt với những hiểm nguy nơi biển cả, thậm chí không quản cái chết cận kề.</p><p>Sau khi ngã xuống biển vì say sóng rồi được thuyền đánh cá Có chúng tôi đây! cứu sống và cưu mang, nhận được bài học nhớ đời từ thuyền trưởng Troop, từ một cậu ấm đích thực, Harvey phút chốc trở thành một thiếu niên trưởng thành và gan dạ. Chỉ sau vài tuần, cậu thành thạo như thể từ lâu cậu đã là một phần của con thuyền này vậy. Harvey rất lấy làm tự hào về điều này và nhận định con thuyền Có chúng tôi đây! không chỉ cứu sống một mạng người, mà còn cứu rỗi cả một tâm hồn đang trực chờ đứng trước bờ vực thẳm!</p><p>Rudyard Kipling (1865 – 1936) là nhà văn và nhà thơ nổi tiếng người Anh, sinh ra ở Ấn Độ. Ông được xem là “Nhà cách tân lớn cho nghệ thuật truyện ngắn” và là tác giả của những tác phẩm văn học kinh điển dành cho thiếu nhi. Vào năm 1907, ông nhận giải Nobel Văn học, cho đến nay ông vẫn là người trẻ tuổi nhất đạt được giải thưởng này.</p><p>Tác phẩm chính:</p><p>- The Jungle Book (Câu chuyện rừng xanh, 1894)</p><p>- The Second Jungle Book (Câu chuyện rừng xanh 2, 1895)</p><p>- Captains Courageous (Những thuyền trưởng can đảm, 1897)</p><p>- Just So Srories (Tạm dịch: Chuyện là như thế, 1902)</p><p>- Puck of Pook’s Hill (Tạm dịch: Quả bóng từ đồi Pook, 1906)</p>', 10, 1),
(89, 50, 4, 'Đại Gia Gatsby', 60300, '1702451999_anh26.webp', '<p>Phất lên nhanh chóng từ chỗ \"hàn vi\", Gastby, nhân vật chính của câu chuyện, những tưởng sẽ có được tất cả - tiền bạc, quyền lực, và sau rốt là tình yêu -, nhưng rồi cái ảo tưởng tình yêu đó tan vỡ thật đau đớn, theo sau là một kết cục kinh hoàng của Gastby.<br>Là bức chân dung của \"Thời đại Jazz\" (Jazz Age, cái tên do chính Fitzgerald đặt cho thời kỳ 1918-1929), Đại gia Gatsby nắm bắt vô cùng sâu sắc tinh thần của thế hệ cùng thời ông: những nỗi ám ảnh thường trực về sự thành đạt, tiền bạc, sang trọng, dư dật, hào nhoáng; song đồng thời là nỗi lo âu trước thói sùng bái vật chất vô hạn độ và sự thiếu vắng đạo đức đang ngày một lên ngôi ở thời kỳ này.</p><p>Đại gia Gatsby đã được đưa vào giảng dạy ở trường phổ thông và đại học tại Mỹ cũng như nhiều nước trên thế giới. Cuốn tiểu thuyết \"khác thường, tuyệt đẹp, cấu trúc phức tạp song trên hết là giản dị\" (như lời chính nhà văn) từng được xếp thứ hai trong danh sách 100 Tiểu thuyết Hay nhất Thế kỷ 20 của Modern Library. Tạp chí Time thì đưa cuốn sách này vào danh sách 100 tiểu thuyết hay nhất bằng tiếng Anh từ 1923 đến 2005 do Timebình chọn.</p>', 10, 1),
(90, 51, 4, 'Ông Già Và Biển Cả & Hạnh Phúc Ngắn Ngủi Của Francis Macomber', 28000, '1702452127_anh27.webp', '<p>Thiên tiểu thuyết tuyệt vời này kể về cuộc vật lộn đầy kịch tính của lão ngư Santiago với con cá kiếm khổng lồ ngoài biển khơi. Những trang sách đầy cảm động, ngợi ca vẻ đẹp sức mạnh, trí tuệ và lòng khao khát chinh phục của con người trước thiên nhiên.</p>', 10, 1),
(91, 1, 5, 'Kính Vạn Hoa - Tập 1 (Phiên Bản Mới)', 76000, '1702488224_kvh.webp', '<p><strong>Kính Vạn Hoa - Tập 1 (Phiên Bản Mới)</strong></p><p>Bộ ấn phẩm Kính Vạn Hoa phiên bản mới 18 tập, minh họa của họa sĩ Đỗ Hoàng Tường.</p><p>\"Đọc Kính Vạn Hoa, tôi cảm ơn Nguyễn Nhật Ánh đã dày công phản ánh những sinh hoạt muôn mặt của lứa tuổi học trò. Từ cách học với các thủ thuật “phổ thơ” để ghi nhớ thuộc lòng các công thức Toán, Lý, Hóa, Anh văn… đến lối làm thơ, kể vè, dựng hoạt cảnh để học tập các môn Văn, Sử. Từ trò chơi bóng đá, thi giải câu đố… ở sân trường đến những chuyến đi nghỉ hè khám phá các vùng xa. Từ việc tìm hiểu (và yêu mến) những người thân trong gia đình, thầy cô giáo đến việc làm quen với những bà con lao động đủ các nghề nghiệp: bán hàng rong, hốt rác, diễn thế thân (cascadeur), đạo diễn điện ảnh, nghệ sĩ ngôi sao, cầu thủ siêu hạng…</p>', 9, 1),
(92, 5, 7, 'Từng Bước Nở Hoa Sen', 49000, '1702488721_tbhn.webp', '<p>Từng bước nở hoa sen của Thiền sư Thích Nhất Hạnh là một trong những quyển sách \"dạy\" ta cách sống an nhiên như thế. Bốn mươi bảy bài kệ trong sách cũng là bốn mươi bảy bài học giúp ta tu tập chánh niệm mỗi ngày, hướng đến sự an lạc trong cả tâm, thân và sống hết mình cho từng giây phút hiện tại.</p>', 10, 1),
(93, 5, 7, 'Thiền Sư Và Em Bé 5 Tuổi', 73000, '1702488841_ts.webp', '<p>Những người chung quanh ta, gia đình và bạn bè, có thể cũng có một vài em bé bị tổn thương trong họ. Nếu chúng ta thực tập và giúp được cho chính mình, chúng ta cũng có thể giúp được cho họ. Khi chúng ta chữa trị được cho chính mình thì những mối quan hệ của chúng ta với những người khác sẽ trở nên dễ dàng hơn. Sẽ có nhiều an lạc và tình thương hơn.<br><br>Hãy quay về chăm sóc chính mình. Thân thể của ta, những cảm nhận của ta và những tri giác của ta đang cần ta. Em bé bị tổn thương trong ta đang cần ta. Nỗi khổ niềm đau của ta cần ta công nhận. Hãy trở về ngôi nhà của chính mình và có mặt cho tất cả những điều đó. Thực tập hơi thở và bước chân chánh niệm, làm tất cả các công việc trong chánh niệm là ta có khả năng có mặt thực sự, nhờ đó ta lại có thể yêu thương.</p>', 10, 1),
(94, 5, 7, 'Fear - Sợ Hãi (Hóa Giải Sợ Hãi Bằng Tình Thương)', 72000, '1702489160_sh.webp', '<p>Hầu hết chúng ta ai cũng đã trải qua những giây phút hạnh phúc lẫn khó khăn trong cuộc sống. Tuy nhiên có nhiều người ngay lúc đang vui sướng nhất mà lòng vẫn trĩu nặng lo sợ, sợ ngày vui sẽ qua mau, sợ không như mong cầu, sợ phải xa cách người thương và một nỗi sợ lớn nhất, sợ thân xác mình sẽ tàn hoại. Cho nên ngay lúc biết bao điều kiện của hạnh phúc có đó niềm vui vẫn không trọn vẹn.</p><p>Chúng ta cứ nghĩ rằng để được hạnh phúc thì phải tránh né hay quên đi lo sợ. Chúng ta không mấy thoải mái khi phải nghĩ đến những gì đã làm cho ta lo sợ, rồi chúng ta chối bỏ: “Thôi! Thôi! Tôi không muốn nghĩ tới chuyện đó!” Chúng ta nhắm mắt làm ngơ nhưng lo sợ vẫn còn đó trong ta.</p><p>Cách duy nhất để bớt đi lo sợ và thật sự hạnh phúc là nhận diện lo sợ và quán chiếu gốc rễ của lo sợ. Thay vì tránh né, ta sử dụng khả năng tỉnh giác và quan sát tinh tường.</p>', 10, 1),
(95, 5, 7, 'Trồng Một Nụ Cười - Cùng Trẻ Thực Hành Chánh Niệm', 132000, '1702489413_nc.webp', '<p>TRÍCH ĐOẠN SÁCH:</p><p>Lắng trong</p><p>Trước khi thành lập Làng Mai, tôi đã sống ở Phương Vân Am cách Paris một tiếng rưỡi lái xe. Phương Vân Am nằm trên một ngọn đồi, xung quanh là rừng cây. Một hôm, có hai cha con người Việt đến Phương Vân Am. Người cha muốn nhờ tôi chăm sóc đứa con gái của ông, bé Thanh Thủy, để ông có thể lên Paris lo giấy tờ và kiếm việc làm. Bé Thanh Thủy khi ấy gần năm tuổi.<br>Tối nào Thanh Thủy cũng thấy tôi ngồi. Tôi bảo bé là tôi \"ngồi thiền\" và tôi không hề nói cho bé biết ngồi thiền là gì và ngồi như thế để làm gì. Mỗi tối, khi thấy tôi rửa mặt, mặc áo tràng và đi thắp một cây nhang cho thơm thiền phòng là nó biết tôi sắp đi \"ngồi thiền\". Nó cũng biết là đã đến giờ nó phải đi đánh răng, thay áo và leo lên chỗ nằm mà không nói chuyện.<br>Một ngày nọ, Thanh Thủy và mấy em bé khác chơi với nhau trên khu đồi phía sau nhà. Chơi được một lúc, chúng đến xin tôi nước uống. Tôi đi tìm chai nước táo cuối cùng còn lại và đem rót vào cho mỗi đứa một ly đầy. Ly chót là của Thanh Thủy. Ly này lợn cợn xác táo, không trong như ba ly trước. Thanh Thủy phụng phịu chê, không uống, rồi lại chạy lên đồi chơi.</p>', 10, 1),
(96, 5, 7, 'Thầy Cô Giáo Hạnh Phúc Sẽ Thay Đổi Thế Giới - Tập 1 - Cẩm Nang Hạnh Phúc (Tái Bản)', 85000, '1702489514_tcg.webp', '<p>Thầy cô giáo hạnh phúc sẽ thay đổi thế giới” - bộ sách bạn đang cầm trên tay là một món quà đặc biệt quan trọng - hay nói cách khác là một sự trao truyền - từ Thiền sư Thích Nhất Hạnh trao tặng vào giai đoạn chín muồi của một nhân cách vĩ đại. Bạn sẽ thấy rằng nó là kết tinh tình thương sâu sắc của Thiền sư đối với những người trẻ và sự mong mỏi không ngừng về một nền giáo dục bồi dưỡng tài và đức cho các thế hệ mai sau. Ở mỗi trang, bạn có thể cảm được sự tôn vinh dành cho những con người đang thực hiện sứ mệnh này, thường là âm thầm không ai biết, và khối lượng công việc khổng lồ mà họ gánh vác từng ngày nhằm phục vụ cho công cuộc kiến tạo, chuyển hóa và hàn gắn thế giới của chúng ta từ dưới lên, từ thế hệ này sang thế hệ khác - đó là những người thầy, người cô.&nbsp;</p>', 10, 1),
(97, 5, 7, 'Combo Sách Tôn Giáo: Liễu Phàm Tứ Huấn + Phép Lạ Của Sự Tỉnh Thức - Tặng Kèm Bookmark Bamboo Books', 125000, '1702489707_cb.webp', '<h3>Sách - Liễu Phàm Tứ Huấn</h3><p>Là cuốn sách được lưu truyền rộng rãi trong dân gian Trung Quốc từ bao đời nay. Liễu Phàm tiên sinh là bậc học rộng, ngay từ nhỏ đã say mê nghiên cứu sách vở, sau đỗ đạt làm quan, thực hiện nhiều điều ích nước lợi dân, được nhiều người biết đến. Nhưng Liễu Phàm thực sự lưu danh không chỉ vì ông là vị quan cương trực, được nhân dân yêu mến, có nhiều công lao với triều đình, mà hơn hết là vì ông đã dành nhiều tâm huyết cũng như chí hướng của đời mình để soạn ra bốn chương đoản văn, bấy giờ gọi là “Giới tử văn” (văn răn dạy con) để dạy con mình, sau đó được lưu hành rộng rãi trong đời, tức là sách “Bốn bài giáo huấn của người xưa” mà bạn đang có trong tay.</p><h3>Sách - Phép Lạ Của Sự Tỉnh Thức</h3><p>Phép Lạ Của Sự Tỉnh Thức là những phương pháp nhiệm mầu thực tập thiền quán trong đời sống hằng ngày. Đọc nó, chúng ta cảm nhận được từng sát na hạnh phúc trong cuộc sống. Từ một bác sĩ, một người công nhân, một thợ may, một người thợ tiện, một bà nội trợ đến một kỹ sư Tất cả những công việc thường nhật đó bỗng trở nên phép lạ khi thắp lên ánh sáng chánh niệm.</p>', 9, 1),
(98, 5, 7, 'Không Diệt Không Sinh Đừng Sợ Hãi - Bìa Cứng - Phiên Bản Đặc Biệt - Tặng Kèm Postcard + Bút Chì Khắc', 240000, '1702489903_bc.webp', '<p><strong>Không Diệt Không Sinh Đừng Sợ Hãi - Bìa Cứng - Phiên Bản Đặc Biệt</strong></p><p>Trong suốt cuộc đời, đức Bụt cũng bị nhiều nhà thần học và các học giả nhiều lần chất vấn về hai triết thuyết đối nghịch nhau: bất diệt hay hư không. Khi được hỏi là có đời sống vĩnh cửu không thì Bụt trả lời: “Không có cái Ngã bất biến.” Khi trả lời về chuyện chết là không còn gì nữa chăng. Bụt nói không có gì trở thành hư vô cả. Ngài bác bỏ cả hai ý tưởng trên.</p><p>ôi có một người bạn thân là một nhà sinh vật học chuyên về các loài sống dưới biển. Giống như nhiều người, anh ta tin rằng chết là chết vĩnh viễn. Niềm tin này của anh không tới từ thiếu đức tin hay vì tuyệt vọng, mà vì anh tin vào khoa học. Anh có lòng tin vào thế giới thiên nhiên, vào vẻ đẹp của vũ trụ chưa được khai phá quanh anh, vào khả năng hiểu biết của loài người về vũ trụ đó.</p><p>Thiền sư Thích Nhất Hạnh cũng có lòng tin vững chắc vào khả năng có thể đạt tới hiểu biết của con người. Nhưng mục tiêu của Thầy cao cả hơn sự thu góp các kiến thức khoa học. Đó là sự giải thoát và trí tuệ bát nhã.</p><p>Viết những trang sách này bằng kinh nghiệm của chính m.ình, Thầy Thích Nhất Hạnh đưa ra một thay thế đáng ngạc nhiên cho hai triết lý trái ngược nhau về vĩnh cửu và hư không. Thầy nói: “Tự muôn đời tôi vẫn tự do. Tử sinh chỉ là cửa ngõ ra vào, tử sinh là trò chơi cút bắt. Tôi chưa bao giờ từng sinh cũng chưa bao giờ từng diệt” và “Nỗi khổ lớn nhất của chúng ta là ý niệm về đến-đi, lui-tới.”</p><p>Lặp đi, lặp lại hoài, Thầy khuyên chúng ta thực tập nhìn sâu để hiểu được và tự m.ình nếm được sự tự do của con đường chính giữa, không bị kẹt vào cả hai ý niệm của vĩnh cửu và hư không. Là một thi sĩ nên khi giải thích về các sự trái ngược trong đời sống, Thầy đã nhẹ nhàng vén bức màn vô minh ảo tưởng dùm chúng ta, cho phép chúng ta (có lẽ lần đầu tiên trong đời) được biết rằng sự kinh hoảng về cái chết chỉ có nguyên nhân là các ý niệm và hiểu biết sai lầm của chính m.ình mà thôi.</p><p>Tri kiến về sống, chết của Thầy vô cùng vi tế và đẹp đẽ. Cũng như những điều vi tế, đẹp đẽ khác, cách thưởng thức hay nhất là thiền quán trong thinh lặng. Lòng nhân hậu và từ bi phát xuất từ suối nguồn thâm tuệ của Thích Nhất Hạnh là một loại thuốc chữa lành những vết thương trong trái tim chúng ta.</p>', 10, 1),
(99, 5, 7, 'Quyền Lực Đích Thực (Tái Bản)', 121000, '1702490046_ql.webp', '<p>Đối với chúng ta quyền lực có ý nghĩa gì? Tại sao ai cũng tìm mọi cách để đạt cho được quyền lực? Cho dù có thể không để ý, nhưng phần đông chúng ta luôn luôn cố đạt cho được một địa vị có quyền lực bởi vì ta tin rằng quyền lực giúp ta làm chủ được đời sống, đem lại cho chúng ta tự do và hạnh phúc – những gì ta mong muốn nhất.</p><p>Xã hội chúng ta được xây dựng trên một khái niệm rất hạn hẹp về quyền lực, đó là giàu có, sung túc, thành công nghề nghiệp, danh tiếng, sức khỏe, sức mạnh quân sự và quyền năng chính trị. Tôi xin đề nghị với bạn một thứ quyền lực khác, một thứ quyền lực vượt bậc: quyền lực giúp ta thoát khỏi sự ám ảnh của mê đắm, sợ hãi, tuyệt vọng, sự trấn ngự của kỳ thị, sân hận, ngu dốt; quyền lực giúp ta đạt được hạnh phúc ngay trong giờ phút hiện tại. Đây là một thứ quyền lực mà bất cứ ai sinh ra cũng đều có quyền hưởng, không phân biệt sang hèn, giàu nghèo, mạnh yếu. Xin mời bạn cùng tôi tìm hiểu thứ quyền lực đặc biệt này.</p><p>Tất cả chúng ta ai cũng muốn có quyền lực và thành công. Nhưng nếu vì cố sức tranh đấu để có được quyền lực, rồi lại cố sức tranh đấu bảo vệ quyền lực mà bị hao mòn, mệt mỏi, bị chia cách tình nghĩa thì đâu còn có thể vui hưởng quyền lực và thành công? Quyền lực và thành công như vậy thật chẳng có ý nghĩa gì. Sống một cuộc sống sâu sắc và hạnh phúc, có thì giờ chăm sóc người thương là một thành công khác, một quyền lực khác, một thứ thành công và quyền lực quan trọng hơn nhiều. Chỉ có một thành công đáng kể đó là thành công khi chuyển hóa tự thân, vượt thắng phiền não, sợ hãi và sân hận. Đây là thứ thành công, thứ quyền lực đem lợi lạc cho chính ta và cho những người khác mà không gây ra một tác hại nào.</p><p>Muốn có quyền lực, muốn được danh tiếng hay giàu sang không phải là điều xấu. Nhưng phải nhớ rằng chúng ta theo đuổi quyền lực, danh tiếng hay tiền tài là để được hạnh phúc. Nếu giàu có và quyền thế mà không hạnh phúc thì giàu có và quyền thế để làm gì?</p><p>Tập sách này sẽ cống hiến những thực tập đơn giản, thiết thực và hữu hiệu để tạo một thứ quyền lực đích thực, đó là tự do, an ninh và hạnh phúc mà tất cả chúng ta đều mong muốn, nơi đây, ngay bây giờ, cho chính chúng ta, cho gia đình, cộng đồng, xã hội và cho cả hành tinh.</p><p>&nbsp;</p>', 10, 1);
INSERT INTO `products` (`id`, `author_id`, `cat_id`, `name`, `price`, `image`, `description`, `product_quantity`, `status`) VALUES
(100, 5, 7, 'Combo 2 cuốn sách về nghệ thuật sống tâm đắc nhất  : Tĩnh Lặng +  Gieo Trồng Hạnh Phúc (Tái Bản) ', 120000, '1702490151_cb2.webp', '<p>Tĩnh Lặng</p><p>&nbsp;Tên sách, \"Tĩnh lặng\", cũng như nội dung. Nhẹ nhàng, an yên mà thức tỉnh con người thật sự bên trong ta. Lật từng trang sách làm tâm ta bao dung và yêu thương hơn. Tĩnh lặng để hiểu mình nhiều hơn, cảm nhận được rõ ràng nhất những âm thanh cuộc sống! Cuốn sách mang nhiều ý nghĩa: còn sống và bước đi trên mặt đất này là một phép lạ, nhưng hầu hết chúng ta lại chạy đi tìm hạnh phúc ở một nơi xa xôi nào đó như thể là có một nơi tốt đẹp hơn để đến vậy. Chúng ta mất rất nhiều thời gian để đi tìm hạnh phúc trong khi đó thế giới quanh ta tràn đầy những mầu nhiệm. Những vẻ đẹp của đất trời đang gọi ta từng ngày, từng giờ nhưng hiếm khi ta nghe được. Điều kiện căn bản để chúng ta có thể nghe và đáp lại những tiếng gọi ấy là sự&nbsp;<strong>Tĩnh Lặng</strong>. Nếu không có sự tĩnh lặng trong tự thân, nếu thân tâm ta đầy sự ồn ào, náo loạn thì ta không thể nghe được tiếng gọi của vẻ đẹp ấy. Có một đài radio đang hoạt động trong đầu ta, đó là đài NST (Non Stop Thinking) - đài suy nghĩ liên tục không ngừng. Tâm ta đầy tiếng ồn) vì vậy ta không thể nghe được tiếng gọi của sự sống, tiếng gọi của tình thương. Trái tim ta đang gọi ta mà ta không nghe thấy. Ta không có thời gian để lắng nghe trái tim mình.</p><p>Gieo Trồng Hạnh Phúc (Tái Bản)</p><p>Đây là một tác phẩm có sức lay động tâm thức giúp cho ta an yên trong hiện tại, buông bỏ phiền não, không hoài vọng âu lo vào tương lai.Trong lúc đọc sách bạn sẽ chợt nhận ra rằng. Thì ra bấy lâu nay mình chưa thực sự sống. Mình chỉ đang tồn tại một cách hời hợt. Cuốn sách được viết với lời văn nhẹ nhàng, trong sáng, đơn giản nhưng ẩn chứa bên trong là những triết lý rất sâu sắc về hạnh phúc dưới góc nhìn của Phật giáo.</p>', 10, 1),
(101, 5, 7, 'Giận - Thích Nhất Hạnh', 115000, '1702490256_gian.webp', '<h2><strong>Giận - Thích Nhất Hạnh</strong></h2><p>Khi ta giận, khi một ai đó làm cho ta giận, ta phải trở về với thân tâm và chăm sóc cơn giận của mình. Không nên nói gì hết. Không nên làm gì hết. Khi đang giận mà nói năng hay hành động thì chỉ gây thêm đổ vỡ mà thôư thế là không khôn ngoan. Phải trở về dập tắt lửa trước đã</p><p><strong>Giận</strong>&nbsp;là một cuốn sách hay của&nbsp;Thiền sư Thích Nhất Hạnh, nó mở ra cho ta những khả năng kỳ diệu, nhưng lại rất dễ thực hành để ta tự mình từng bướát khỏi cơn giận và sống đẹp với xã hội quanh mình.</p><p><strong>Giận</strong>&nbsp;được xuất bản tại Hoa Kỳ ngày 10.9.2001, trước biến cố 11.9.2001 có một ngày. Vì thế Giận đã trở thành quyển sách bán chạy nhất Hoa Kỳ - 50.000 bản mỗi tuần - trong vòng 9 thá</p><p>Tại Hàn Quốc, quyển sách này đã bán được 1 triệu bản trong vòng 11 tháng. Rất nhiều độc giả nhờ đọc sách này mà đã điều phục được tâm mình, sử dụng ái ngữ lắng nghe để hoà giải với người thân, đem lại hạnh phúc trong gia đình và trong cộng đồng của họ.</p><p><strong>Thông tin tác giả:</strong></p><p><strong>Thiền sư Thích Nhất Hạnh </strong>- Sinh năm 1926 tại Thừa Thiên - Huế với tên khai sinh là Nguyễn Xuân Bảo, là một thiền sư, giảng viên, nhà văn với bút danh Nguyễn Lang, nhà thơ, nhà khảo cứu, nhà hoạt động xã hội, và người vận động cho hòa bình người Việt Nam. Ông sinh ra ở Thừa Thiên Huế, miền Trung Việt Nam, xuất gia theo Thiền tông vào năm 16 tuổi, trở thành một nhà sư vào năm 1949. Sau khi Hiệp định Paris được ký kết vào năm 1973, ông đã sống tại Pháp hơn 40 năm. Ông đã về nước và hiện sống tại Huế kể từ năm 2018.</p><p>Thích Nhất Hạnh được một số tờ báo đánh giá là nhà lãnh đạo Phật giáo có ảnh hưởng lớn thứ hai ở phương Tây chỉ sau Đạt-lại Lạt-ma. Ông là người đưa ra khái niệm \"Phật giáo dấn thân\" (engaged Buddhism) trong cuốn sách Việt Nam: Hoa sen trong Biển lửa (Vietnam: Lotus in a Sea of Fire) của ông xuất bản năm 1967. Thích Nhất Hạnh đã viết hơn 100 cuốn sách, trong số đó hơn 70 cuốn bằng tiếng Anh. Ông là người vận động cho phong trào hòa bình, với các giải pháp không bạo lực cho các mâu thuẫn.</p>', 10, 1),
(102, 8, 5, 'Sách Truyện Tranh Ngụ Ngôn Dành Cho Thiếu Nhi - Chuột Nhà Và Chuột Đồng (Song ngữ Anh-Việt)', 270000, '1702490663_chuot.webp', '<p><strong>Truyện Tranh Ngụ Ngôn Dành Cho Thiếu Nhi</strong> là những câu chuyện nổi tiếng trong văn học dành cho thiếu nhi, bộ sách được thiết kế theo hình thức truyện tranh song ngữ tiếng anh và tiếng việt để các bạn nhỏ có thể vừa đọc truyện vừa nâng cao vốn tiếng anh. Cuối mỗi cuốn truyện đều có phần câu hỏi theo tranh giúp bé ôn lại nội dung câu chuyện.</p>', 10, 1),
(103, 10, 5, 'Tý Quậy (Tập 1)', 35000, '1702494505_tq1.webp', '<p><strong>Tý Quậy (Tập 1)</strong><br>&nbsp;</p><p>Mang theo hoài niệm thời thơ ấu tinh nghịch, hơn 10 năm qua, hoạ sĩ <strong>Đào Hải</strong> bền bỉ đem đến cho độc giả nhí món quà đáng yêu - bộ sách Tý quậy. <i>“Tý quậy là một phần tuổi thơ của tôi, của bạn bè tôi. Không có ý mong Tý trở thành nhân vật điển hình, tôi chỉ ước sao Tý quậy là một người bạn gần gũi, quen thuộc và sống với đúng nghĩa tuổi thơ…”</i></p><p>Những đùa vui học trò ai cũng đã từng kinh qua, những nghịch ngợm nho nhỏ trên đường trưởng thành… bạn đọc nhí sẽ cười nghiêng ngả, cha mẹ cũng bật cười: “Sao Tý và Tèo giống mình hồi xưa quá vậy!” Sau những trận cười ấy, hẳn bạn sẽ nhận ra điều nhắn nhủ giản đơn mà sâu sắc của tác giả, giúp chúng ta học hỏi và tiến bộ hơn sau tiếng cười vui vẻ.</p><p><strong>Tý Quậy Tập 1 </strong>gồm bốn câu chuyện nhỏ: Bài tập ở nhà, Học võ, Bắt kẻ trộm, Đi cắm trại ngộ nghĩnh và hấp dẫn.</p>', 10, 1),
(104, 10, 5, 'Tý Quậy - Tập 4 (Tái Bản 2019)', 35000, '1702494600_tq4.webp', '<p>Tý Quậy là bộ truyện tranh Việt Nam nổi tiếng đã gắn bó với tuổi thơ của nhiều thế hệ độc giả. Những câu chuyện dí dỏm, hài hước về cuộc sống nơi trường lớp và gia đình của hai người bạn \"hàng xóm\" Tý và Tèo đã đem lại bao tiếng cười vui và rất nhiều bài học sâu sắc, thấm thía cho các thế hệ học trò Việt Nam.</p><p>Chúng ta như tìm thấy chính mình trong hình ảnh của Tý và Tèo những lúc nghịch ngợm, bị điểm&nbsp;kém, bị bố mẹ mắ hay những phút giây nhận ra lỗi lầm và thấy mình ngày một trưởng thành, lớn&nbsp;khôn hơn, biết yêu thương cha mẹ, kính trọng thầy cô và yêu quý bè bạn.&nbsp;Có lẽ vì vậy mà sức sống của bộ truyện Tý Quậy mới lâu bền và mạnh mẽ đến thế!</p>', 10, 1),
(105, 10, 5, 'Tý Quậy - Tập 5 (Tái Bản 2019)', 35000, '1702494672_tq5.webp', '<p>Tý Quậy là bộ truyện tranh Việt Nam nổi tiếng đã gắn bó với tuổi thơ của nhiều thế hệ độc giả. Những câu chuyện dí dỏm, hài hước về cuộc sống nơi trường lớp và gia đình của hai người bạn \"hàng xóm\" Tý và Tèo đã đem lại bao tiếng cười vui và rất nhiều bài học sâu sắc, thấm thía cho các thế hệ học trò Việt Nam.</p><p>Chúng ta như tìm thấy chính mình trong hình ảnh của Tý và Tèo những lúc nghịch ngợm, bị điểm kém, bị bố mẹ mắ hay những phút giây nhận ra lỗi lầm và thấy mình ngày một trưởng thành, lớn khôn hơn, biết yêu thương cha mẹ, kính trọng thầy cô và yêu quý bè bạn. Có lẽ vì vậy mà sức sống của bộ truyện Tý Quậy mới lâu bền và mạnh mẽ đến thế!</p>', 10, 1),
(106, 10, 5, 'Tý Quậy - Tập 6 (Tái Bản 2019)', 35000, '1702494756_tq6.webp', '<p>Tý Quậy là bộ truyện tranh Việt Nam nổi tiếng đã gắn bó với tuổi thơ của nhiều thế hệ độc giả. Những câu chuyện dí dỏm, hài hước về cuộc sống nơi trường lớp và gia đình của hai người bạn \"hàng xóm\" Tý và Tèo đã đem lại bao tiếng cười vui và rất nhiều bài học sâu sắc, thấm thía cho các thế hệ học trò Việt Nam.</p><p>Chúng ta như tìm thấy chính mình trong hình ảnh của Tý và Tèo những lúc nghịch ngợm, bị điểm&nbsp;kém, bị bố mẹ mắ hay những phút giây nhận ra lỗi lầm và thấy mình ngày một trưởng thành, lớn&nbsp;khôn hơn, biết yêu thương cha mẹ, kính trọng thầy cô và yêu quý bè bạn.&nbsp;Có lẽ vì vậy mà sức sống của bộ truyện Tý Quậy mới lâu bền và mạnh mẽ đến thế!</p><p>Bìa sách có thể thay đổi theo ngày xuất bản</p>', 10, 1),
(107, 10, 5, 'Tý Quậy - Tập 7 (Tái Bản 2019)', 35000, '1702494823_tq7.webp', '<p>Tý Quậy là bộ truyện tranh Việt Nam nổi tiếng đã gắn bó với tuổi thơ của nhiều thế hệ độc giả. Những câu chuyện dí dỏm, hài hước về cuộc sống nơi trường lớp và gia đình của hai người bạn \"hàng xóm\" Tý và Tèo đã đem lại bao tiếng cười vui và rất nhiều bài học sâu sắc, thấm thía cho các thế hệ học trò Việt Nam.<br>Chúng ta như tìm thấy chính mình trong hình ảnh của Tý và Tèo những lúc nghịch ngợm, bị điểm kém, bị bố mẹ mắng... hay những phút giây nhận ra lỗi lầm và thấy mình ngày một trưởng thành, lớn khôn hơn, biết yêu thương cha mẹ, kính trọng thầy cô và yêu quý bè bạn.<br>Có lẽ vì vậy mà sức sống của bộ truyện Tý Quậy mới lâu bền và mạnh mẽ đến thế!</p>', 10, 1),
(108, 10, 5, 'Tý Quậy - Tập 8', 33000, '1702494889_tq8.webp', '<p>“<strong>Tý Quậy</strong> là một phần tuổi thơ của tôi, của bạn bè tôi. Không có ý mong Tý trở thành nhân vật điển hình, tôi chỉ ước sao Tý quậy là một người bạn gần gũi, quen thuộc và sống với đúng nghĩa tuổi thơ. Thật không khôn ngoan khi dạy trẻ phải suy nghĩ những gì, mà nên hướng cho tuổi thơ cách suy nghĩ. Một đứa trẻ không hoạt bát thì tuyệt đối sẽ không trở thành người thông minh.” (Họa sĩ &nbsp;Đào Hải)</p><p>Có câu danh ngôn rằng: Việc độc nhất vô nhị và không gì có thể thay thế, đó là hồi ức về tuổi thơ. Vậy khi làm sách Tý Quậy, bên cạnh tình yêu thương trong tôi có cả sự trân trọng… Những trò đùa vui học trò ai cũng đã từng kinh qua, những nghịch ngợm nho nhỏ trên đường trưởng thành… bạn đọc nhí sẽ cười nghiêng ngả, cha mẹ cũng bật cười: \"Sao Tý và Tèo giống mình ngày xưa quá vậy!\" Sau những trận cười ấy, hẳn bạn sẽ nhận ra điều nhắn nhủ giản đơn mà sâu sắc của tác giả, giúp chúng ta học hỏi và tiến bộ hơn sau mỗi tiếng cười vui vẻ.</p>', 10, 1),
(109, 10, 5, 'Tý Quậy - Tập 9 (Tái Bản 2019)', 36000, '1702494967_tq9.webp', '<p>“<strong>Tý Quậy</strong>&nbsp;là một phần tuổi thơ của tôi, của bạn bè tôi. Không có ý mong Tý trở thành nhân vật điển hình, tôi chỉ ước sao Tý quậy là một người bạn gần gũi, quen thuộc và sống với đúng nghĩa tuổi thơ. Thật không khôn ngoan khi dạy trẻ phải suy nghĩ những gì, mà nên hướng cho tuổi thơ cách suy nghĩ. Một đứa trẻ không hoạt bát thì tuyệt đối sẽ không trở thành người thông minh.” (Họa sĩ &nbsp;Đào Hải)</p><p>Có câu danh ngôn rằng: Việc độc nhất vô nhị và không gì có thể thay thế, đó là hồi ức về tuổi thơ. Vậy khi làm sách Tý Quậy, bên cạnh tình yêu thương trong tôi có cả sự trân trọng… Những trò đùa vui học trò ai cũng đã từng kinh qua, những nghịch ngợm nho nhỏ trên đường trưởng thành… bạn đọc nhí sẽ cười nghiêng ngả, cha mẹ cũng bật cười: \"Sao Tý và Tèo giống mình ngày xưa quá vậy!\" Sau những trận cười ấy, hẳn bạn sẽ nhận ra điều nhắn nhủ giản đơn mà sâu sắc của tác giả, giúp chúng ta học hỏi và tiến bộ hơn sau mỗi tiếng cười vui vẻ.</p>', 10, 1),
(110, 10, 5, 'Tý Quậy - Tập 10 (Tái Bản 2019)', 32000, '1702495020_tq10.webp', '<p><strong>Tý Quậy - Tập 10 (Tái Bản 2019)</strong></p><p>“Tý Quậy\" là một phần tuổi thơ của tôi, của bạn bè tôi. Không có ý mong Tý trở thành nhân vật điển hình, tôi chỉ ước sao Tý quậy là một người bạn gần gũi, quen thuộc và sống với đúng nghĩa tuổi thơ. Thật không khôn ngoan khi dạy trẻ phải suy nghĩ những gì, mà nên hướng cho tuổi thơ cách suy nghĩ. Một đứa trẻ không hoạt bát thì tuyệt đối sẽ không trở thành người thông minh. Có câu danh ngôn rằng : Việc độc nhất vô nhị và không gì có thể thay thế, đó là hồi ức về tuổi thơ. Vậy khi làm sách Tý Quậy, bên cạnh tình yêu thương trong tôi có cả sự trân trọng… “ Những trò đùa vui học trò ai cũng đã từng kinh qua, những nghịch ngợm nho nhỏ trên đường trưởng thành… bạn đọc nhí sẽ cười nghiêng ngả, cha mẹ cũng bật cười : “ Sao Tý và Tèo giống mình ngày xưa quá vậy!” Sau những trận cười ấy, hẳn bạn sẽ nhận ra điều nhắn nhủ giản đơn mà sâu sắc của tác giả, giúp chúng ta&nbsp; học hỏi và tiến bộ hơn sau mỗi tiếng cười vui vẻ.</p>', 10, 1),
(111, 10, 5, 'Tý Quậy - Tập 11', 32000, '1702495102_tq11.webp', '<p>“Tý quậy là một phần tuổi thơ tôi, của bạn bè tôi. Không có ý mong Tý trở thành nhân vật điển hình, tôi chỉ ước sao Tý quậy là một người bạn gần gũi, quen thuộc và sống đúng nghĩa tuổi thơ.</p><p>Thật không khôn ngoan khi dạy trẻ phải suy nghĩ những gì, mà nên hướng cho tuổi thơ cách suy nghĩ. Một đứa trẻ không hoạt bát thì tuyệt đối sẽ không trở thành người thông minh.</p><p>Có câu danh ngôn rằng: việc độc nhất vô nhị và không có gì thay thế, đó là hồi ức về tuổi thơ. Vậy khi làm sách Tý quậy, bên cạnh tình yêu thương trong tôi có cả sự trân trọng.”</p><p>(Tác giả Đào Hải)</p><p>Bạn đọc thân mến Tý và Tèo sẽ được theo dõi tiếp những chuyện dở khóc dở cười của đôi bạn trong tập sách này- Tập sách được làm nên bởi những nhà văn, họa sĩ yêu mến cố tác giả Đào Hải. Chúng tôi muốn viết tiếp và viết mãi những câu chuyện vui về Tý và Tèo để đáp ứng mong mỏi của bạn đọc yêu quý.</p>', 10, 1),
(112, 10, 5, 'Tý Quậy - Tập 12', 37000, '1702495164_tq12.webp', '<p>Tý Quậy là một hiện tượng hiếm có trong làng truyện tranh Việt Nam từ xưa đến nay. Đã từ rất lâu, Tý cùng những nhân vật phụ khác đã gắn bó với biết bao thế hệ bạn đọc nhỏ tuổi Việt Nam với những tình huống oái ăm, dở khóc dở cười nhưng ai nhìn vào cũng như thấy mình trong đó. Bởi tuổi thơ của ai mà chẳng “quậy”, chẳng rơi vào những tình cảnh tréo ngoe như Tý. Nhờ vậy mà sức sống của sê-ri Tý Quậy vẫn bền bỉ dù “cha đẻ” của bộ truyện là hoạ sĩ Đào Hải đã xa rời dương thế cách đây 8 năm. Những cộng sự của ông vẫn đang tiếp nối những ước mơ, những câu chuyện còn dang dở về Tý Quậy, và may mắn là di sản ấy vẫn được các bạn đọc trẻ Việt Nam đón nhận.</p><p>Tý Quậy tập 12 kể những câu chuyện rất thời sự về đại dịch Covid vừa đi qua nhưng được các tác giả khai thác khéo léo bằng góc nhìn dí dỏm nhưng vô cùng thực tế qua các tình huống đi cách li, học online thời gian giãn cách xã hội… Bên cạnh đó, những câu chuyện đời sống xung quanh các nhân vật trong truyện vẫn giữ được nét hài hước duyên dáng như các tập truyện trước nay. Với nỗ lực làm mới Tý Quậy, chắc chắn Tý và những người bạn của cậu sẽ còn có chỗ đứng vững chắc trong trái tim của thế hệ bạn đọc trẻ yêu mến truyện tranh Việt Nam.</p>', 9, 1),
(113, 10, 5, 'Tý Quậy - Tập 13', 37000, '1702495208_tq13.webp', '<p><strong>Tý Quậy - Tập 13</strong></p><p>Tý Quậy tập 13 tiếp tục giới thiệu 4 mẩu chuyện mới toanh về Tý, Tèo, Tún – bộ ba gây cười “trứ danh” của xê-ri Tý Quậy. Ở tập truyện mới này, Tý phải đương đầu với những tình huống vô cùng “ngặt nghèo” như bị bố mẹ so sánh với “con nhà người ta”, với bài tập tiếng Việt tưởng dễ mà lại khó không tưởng, với ngày lễ Giáng Sinh và kì nghỉ hè “trong mơ”. Vẫn hài hước và đáng yêu đậm chất Tý Quậy, tập truyện tranh này hứa hẹn mang tới cho các độc giả trung thành của Tý những tràng cười sảng khoái!</p>', 10, 1),
(114, 52, 8, 'Thao Túng Tâm Lý', 109400, '1702818143_ec88ab408c1997378344486c94dbac40.webp', '<p>Trong cuốn “Thao túng tâm lý”, tác giả Shannon Thomas giới thiệu đến độc giả những hiểu biết liên quan đến thao túng tâm lý và lạm dụng tiềm ẩn.</p><p>“Thao túng tâm lý” là một dạng của lạm dụng tâm lý. Cũng giống như lạm dụng tâm lý, thao túng tâm lý có thể xuất hiện ở bất kỳ môi trường nào, từ bất cứ đối tượng độc hại nào. Đó có thể là bố mẹ ruột, anh chị em ruột, người yêu, vợ hoặc chồng, sếp hay đồng nghiệp… của bạn. Với tính chất bí hiểm, âm thầm gây hại, thao túng, lạm dụng tâm lý làm tổn thương cảm xúc, lòng tự trọng, cuộc sống của mỗi nạn nhân. Những người từng bị lạm dụng tâm lý thường không thể miêu tả rõ ràng điều gì đã xảy ra với mình. Trong nhiều trường hợp, nạn nhân bị thao túng đến mức tự hỏi có phải họ là người có lỗi, thậm chí họ có phải là người độc hại trong mối quan hệ đó.</p><p>Hành vi của (những) kẻ lạm dụng giống như một trò chơi bí ẩn, tệ hại và lặp đi lặp lại, do một cá nhân hoặc một nhóm người thực hiện với nạn nhân. Những hành vi này được ngụy trang tài tình đến mức hành vi độc ác của họ diễn ra thường xuyên, nhưng không bị phát hiện.</p><p>Shannon Thomas giới thiệu những kiến thức cơ bản về đặc điểm, các dạng của lạm dụng tâm lý nói chung, thao túng tâm lý nói riêng, và cung cấp cho người đọc hành trình chữa lành gồm 6 giai đoạn:</p><ul><li>Giai đoạn 1: Tuyệt vọng</li><li>Giai đoạn 2: Nhận diện</li><li>Giai đoạn 3: Thức tỉnh</li><li>Giai đoạn 4: Những ranh giới</li><li>Giai đoạn 5: Phục hồi</li><li>Giai đoạn 6: Duy trì</li></ul><p>Bằng những kiến thức chuyên sâu và sự thấu hiểu, tác giả sẽ giúp bạn từng bước vượt qua những rắc rối của thao túng tâm lý, lạm dụng tiểm ẩn để có cuộc sống ý nghĩa và lành mạnh hơn.</p><p><strong>Thông tin tác giả:</strong></p><p>Shannon Thomas, là một nhà giám sát công tác xã hội y tế được cấp phép hành nghề, và là chủ phòng tư vấn/chuyên gia tư vấn tâm lý chính của phòng tư vấn Southlake Christian (SCC) ở Southlake, bang Texas.</p><p>SCC từng nhận giải thưởng “Phòng thực hành tư vấn tâm lý tốt nhất” năm 2016 của Living Magazine khu vực Hạt Northeast Tarrant tại Dallas-Fort Worth.</p><p>Thomas là Trợ giảng chuyên ngành và là thành viên Ủy ban tư vấn của Khoa Công tác xã hội – Trường Đại học Texas Christian.<br>Cách tiếp cận khi tư vấn tâm lý của cô ấy xuất phát từ góc nhìn của một nhà tư vấn tâm lý được cấp phép hành nghề đồng thời từ góc nhìn của một người đi trước, một người sống sót sau khi bị lạm dụng tâm lý.</p>', 8, 1),
(115, 54, 8, 'Tâm Lý Học Trong Nháy Mắt (Tập 4)', 81000, '1702818498_tam-ly-hoc-4.webp', '<p><strong>Tâm Lý Học Trong Nháy Mắt (Quyển 4)</strong></p><p>Tâm Lý Học Trong Nháy Mắt - dự án Tâm Lý Học giản đơn với những video series hoạt họa song ngữ trực tuyến Anh - Việt có kèm flashcard đọc nhớ từ nhằm đưa tâm lý học tới gần hơn với bất cứ ai yêu thích và có hứng thú với bộ môn đầy mê hoặc này.</p><p>Trong thời đại công nghệ thông tin khi mọi thứ đều có thể dễ dàng được “google”, ta càng nhanh tự đưa ra kết luận về bệnh mình mắc phải. Nói cách khác, tự chuẩn đoán bệnh khá tràn lan, tuy nhiên nó rất nguy hiểm. Ví dụ một người hay “mưa nắng thất thường” có thể tự chẩn đoán mình bị “hung cảm” hay “rối loạn tâm thần lưỡng cực”. Đọc nhiều là hữu ích, tuy nhiên bạn nên tìm sự giúp đỡ của các chuyên gia trong ngành như bác sĩ hay nhà tâm lý học nếu có phát hiện các dấu hiệu khác thường ở bản thân hay người thân quanh bạn.</p><p>Dù vậy, vai trò của bạn bè và người thân trong việc nhận định, chữa trị và phòng ngừa các rối loạn tâm lý là rất quan trọng. Khi ai đó bị rối loạn tâm lý, không chỉ riêng người bệnh, mà đồng thời mỗi người xung quanh người bệnh đều sẽ bị ảnh hưởng. Là người thân hay bạn của một người bị rối loạn tâm lý, bạn có thể cảm thấy phiền muộn vì căn bệnh này và không biết làm gì hay làm sao để giúp đỡ.</p><p>Nhận thức được căn bệnh có thể là bước đầu tiên hướng tới cảm giác ít bị cô lập hơn và tham gia chăm sóc cho cả người thân và bản thân. Trong giai đoạn bệnh cấp tính, bạn nên cố gắng hỗ trợ và thấu hiểu hết sức có thể. Bạn nên nói chuyện một cách bình tĩnh, rõ ràng, và dễ hiểu.</p><p>Người bị rối loạn tâm lý có thể nói điều gì đó hoàn toàn vô nghĩa đối với những người khác. Nếu không thể hiểu được họ, bạn nên thử truyền tải sự quan tâm và lo lắng của mình theo những cách khác. Bạn có thể nghe nhạc, vẽ, xem TV, hay ngồi lặng lẽ bên nhau. Bạn sẽ sớm tìm ra điều gì có hiệu quả nhất bằng cách để ý phản ứng của người bệnh với những gì bạn làm cùng họ. Người bị rối loạn tâm lý thường nhận thức được những gì đang diễn ra xung quanh họ, vì thế đừng nói chuyện như thể người bệnh không có mặt ở đó.</p>', 10, 1),
(116, 55, 8, 'Sức Hút Của Sự Điềm Tĩnh', 68800, '1702818597_6caf6cf19d451fd5bbb40519ad8c01aa.webp', '<p>SỨC HÚT CỦA PHỤ NỮ LÀ SỰ ĐIỀM TĨNH</p><p>Đâu là sự hấp dẫn toát lên từ một người phụ nữ hiện đại? Là ngoại hình quyến rũ hay là sự dịu dàng, điềm tĩnh? Khí chất của họ nằm ở sự độc lập tự chủ về mọi mặt và thành công với đam mê của riêng mình. Sự điềm tĩnh trong từng hành động, thái độ và cung cách ứng xử trong các mối quan hệ chính là yếu tố quan trọng tạo nên khí chất của một người phụ nữ.</p><p>Nếu bạn đang:</p><p>- Chưa tự tin với cách ứng xử với các mối quan hệ</p><p>- Chưa biết cách làm chủ cảm xúc của chính mình</p><p>- Muốn thay đổi hình ảnh bản thân, tạo ra khí chất riêng</p><p>Thì cuốn sách “Sức hút của sự điềm tĩnh” của tác giả Ma Nữ Sha Sha sẽ giúp bạn phát triển sự điềm tĩnh trong thái độ sống cũng như trong tác phong ứng xử với các mối quan hệ xung quanh, xây dựng hình ảnh trở thành một cô gái thu hút, tự tin trước đám đông. Có được sự điềm tĩnh trong từng hành động, lời nói, thái độ sẽ quyết định bạn là một cô gái hạnh phúc hay đang loay hoay với những điều buồn bã.</p>', 10, 1),
(117, 56, 8, 'Tâm Lý Học Đám Đông (Tái Bản 2022)', 103000, '1702818702_1213224d700e9c2a6959a3b0e38fca9a.webp', '<p>Kể từ khi xuất bản lần đầu tại Việt Nam, cuốn sách này đã được tái bản lại rất nhiều lần.</p><p>Tác giả Gustave Le Bon (1841 - 1931) là nhà tâm lí học xã hội nổi tiếng người Pháp với lí thuyết về đám đông. Ông viết về nhiều lĩnh vực và có ảnh hưởng rất lớn trong xã hội Pháp đương thời. Những tác phẩm nền tảng nhất của Le Bon là Quy luật tâm lí về sự tiến hoá của các dân tộc (Les Lois psychologiques de l’évolution des peuples, 1894), Cách mạng Pháp và tâm lí học về các cuộc cách mạng (La Révolution française et la psychologie des révolutions, 1912) và Tâm lí học đám đông (La Psychologie des foules, 1895).</p><p>Trong kiệt tác sáng rõ và sinh động này, Gustave Le Bon soi sáng những hoạt động vô thức – phi lý trí của các suy nghĩ tập thể cùng cảm xúc đám đông, qua đó đặt tư tưởng của đám đông đối nghịch với tư duy tự do và lý trí độc lập của cá nhân. Ông chỉ ra bằng cách nào hành vi của một cá nhân lại có tác động đến đám đông.</p><p>Có rất nhiều sự thật được gợi mở nếu ta thấy hiểu về tâm lý đám đông, như Le Bon khẳng định : \"Kiến thức về ngành khoa học này soi rọi rất nhiều hiện tượng lịch sử và kinh tế, mà nếu thiếu thì những hiện tượng đó sẽ hoàn toàn không thể hiểu được.\"</p><p>Theo Gustave Le Bon, trong cuốn Tâm lý học đám đông, những đám đông luôn bị vô thức tác động, họ xử sự như người nguyên thuỷ, người dã man, không có khả năng suy nghĩ, suy luận, mà chỉ cảm nhận bằng hình ảnh, bằng sự liên kết các ý tưởng, họ không kiên định, thất thường, và đi từ trạng thái nhiệt tình cuồng loạn nhất đến ngây dại ngớ ngẩn nhất. Vả lại, do thể trạng của mình, những đám đông ấy cần có một thủ lĩnh, một người cầm đầu, kẻ có thể dẫn dắt họ và cho bản năng của họ một ý nghĩa.</p><p>Cuốn sách là một trong những trước tác kinh điển của thế giới và cũng là tác phẩm quan trọng nhất trong sự nghiệp khoa học đồ sộ trải rộng trên nhiều lĩnh vực của Gustave Le Bon. Tác phẩm này vẫn luôn được quan tâm nghiên cứu, và đặc biệt, ngày càng tỏ rõ giá trị vượt thời gian. Có lẽ sẽ thật khó khăn cho chúng ta, vào thời đại đã biết quá nhiều về dư luận và đám đông, kiên nhẫn lần theo từng dòng lập luận vừa đơn giản vừa sâu sắc của Le Bon. Nhưng nếu có thể làm thế, chúng ta sẽ nhận được một món quà vô giá của một trí tuệ hàng đầu châu u thuở ấy và có thể là cả bây giờ.</p>', 9, 1),
(118, 57, 8, 'Lý Thuyết Trò Chơi', 119000, '1702818856_1d95b88597f28e42d8ca91e3b3ff600f.webp', '<p>LÝ THUYẾT TRÒ CHƠI</p><p>Đời người giống như trò chơi, mỗi bước đều phải cân nhắc xem đi như thế nào, đi về đâu, phải kết hợp nhiều yếu tố lại chúng ta mới có thể đưa ra được lựa chọn. Mà trong quá trình chọn lựa này các yếu tố khiến ta phải cân nhắc và những đường đi khác nhau sẽ ảnh hưởng trực tiếp đến kết quả.</p><p>Cuốn sách Lý thuyết trò chơi là bách khoa toàn thư về tâm lý học, về tẩy não và chống lại tẩy não, thao túng và chống lại thao túng, thống trị và chống lại thống trị. Cuốn sách giới thiệu công thức chiến thắng cho những “trò chơi” đấu trí giữa người với người trong cuộc sống hằng ngày; phân tách các khái niệm lý thuyết trò chơi vốn mơ hồ trở thành ngôn ngữ dễ hiểu và kết nối liền mạch với nghệ thuật tâm lý học; cho phép bạn nắm vững những bí ẩn của trò chơi tâm lý trong thời gian ngắn nhất.</p><p>Những kỹ năng trong Lý thuyết trò chơi có thể giúp chúng ta đọc thấu hoạt động tâm lý người khác, và từ đó chiếm thế chủ động trong trò chơi đấu trí giữa những người xung quanh.</p><p>Những trích dẫn hay:<br>- Nếu coi một ván chơi như một trò chơi, mà trò chơi luôn luôn có thắng thua. Một bên thắng thì đồng nghĩa bên kia thất bại.<br>- Đằng sau những người chiến thắng lẫy lừng đều che giấu một nỗi khổ tâm và chua xót của kẻ thua cuộc.<br>- Hãy coi xã hội này như một ván cờ, mà mỗi chúng ta đều là những kỳ thủ. Từng đường đi nước bước của ta đều tương ứng với việc đặt từng con cờ. Một kỳ thủ tinh tường cẩn thận sẽ không hấp tấp đánh cờ, họ thường thông qua việc suy đoán lẫn nhau, thậm chí tính kế để từng bước đi đều khống chế đối phương cho đến khi giành được thắng lợi cuối cùng. Mà thuyết trò chơi chính là cuốn sách giáo khoa dạy những kỳ thủ chúng ta nên đánh cờ như thế nào.</p>', 10, 1),
(119, 59, 8, 'Tâm Lý Học Trẻ Em', 165000, '1702819266_df8e7c229d5ef213a7d7c00443ca9969.webp', '<p>Trẻ em luôn là nguồn vui, là niềm hạnh phúc và hy vọng của gia đình, và cũng là tài sản cho một đất nước trong tương lai, nhưng điều này sẽ hoàn toàn lệ thuộc vào sự hiểu biết về trẻ thơ và các vấn đề chăm sóc, nuôi dạy của chúng ta. Hiểu rõ sự phát triển của trẻ trên cả hai mặt thể chất và tinh thần sẽ giúp các bậc cha mẹ và các nhà giáo hoàn thiện hơn khả năng chăm sóc và dạy dỗ con em. Để có sự hiểu biết đầy đủ hơn về trẻ em, tập sách này có chủ đích ghi lại những chi tiết thuộc về tiến trình phát triển của trẻ trên cả hai mặt thể chất và tinh thần đã được ngành y học hiện đại nghiên cứu và khảo sát trong suốt các thập niên gần đây. Sách được chia làm 3 phần: - Phần 1: Bao gồm 4 chương bàn về các vấn đề sinh hoạt tổng quát liên quan đến lãnh vực sinh lý cơ thể và tâm lý của con người. - Phần 2: Bao gồm 11 chương. Đặc biệt mỗi chương đề cập đến một đề tài liên hệ đến quá trình phát triển các mặt trí tuệ, tính khí, nhận thức, trí nhớ, giới tính, v. v. cùng với sự khôn lớn của trẻ trong các bối cảnh gia đình, học đường và xã hội. - Phần 3: Bảng thuật ngữ tâm lý học trẻ em. Các kiến thức trong sách không chỉ bổ ích cho các bậc phụ huynh mà nó cũng vô cùng cần thiết cho mọi chuyên viên trong ngành giáo dục, đặc biệt là đối với các giáo chức và sinh viên trong ngành sư phạm mẫu giáo.</p>', 10, 1),
(120, 56, 8, 'Tâm Lý Học Đám Đông', 167000, '1702819428_ae051ee5233e451720204171e05fb539.webp', '<p>Gustave Le Bon (1841 - 1931) là nhà tâm lí học xã hội nổi tiếng người Pháp với lí thuyết về đám đông. Ông viết về nhiều lĩnh vực và có ảnh hưởng rất lớn trong xã hội Pháp đương thời. Những tác phẩm nền tảng nhất của Le Bon là&nbsp;<i>Quy luật tâm lí về sự tiến hoá của các dân tộc</i>&nbsp;(Les Lois psychologiques de l’évolution des peuples, 1894), C<i>ách mạng Pháp và tâm lí học về các cuộc cách mạng</i>&nbsp;(La Révolution française et la psychologie des révolutions, 1912) và&nbsp;<i>Tâm lí học đám đông&nbsp;</i>(La Psychologie des foules, 1895). Các tác phẩm khác của Le Bon bao gồm:&nbsp;<i>Tâm lí học về chủ nghĩa xã hội</i>&nbsp;(Psychologie du socialisme, 1898),&nbsp;<i>Bài học tâm lí từ cuộc chiến tranh châu Âu</i>&nbsp;(Enseignements psychologiques de la guerre Européenne, 1915),&nbsp;<i>Tâm lí học thời đại mới</i>&nbsp;(La psychologie des temps nouveaux, 1920) và&nbsp;<i>Một thế giới mất cân bằng</i>&nbsp;(Le déséquilibre du monde, 1924)...</p><p>Le Bon tập trung nghiên cứu về tính cách và tinh thần của các dân tộc, những ưu thế và quá trình phát triển của các chủng tộc. Ông đặt lên hàng đầu khái niệm&nbsp;<i>vô thức tập thể</i>&nbsp;mà chính Freud đã thừa nhận vai trò của nó đối với các nghiên cứu về phân tâm học của mình. Le Bon cho rằng con người được xác định bởi những nhân tố sinh học và tâm lí học. Trong những quy luật lớn thường xuyên chỉ đạo sự tiến triển chung của mỗi nền văn minh, “những cái phổ biến nhất, khó quy giản nhất sinh ra từ cấu tạo tinh thần của những chủng tộc” (<i>Quy luật tâm lí về sự tiến hoá của các dân tộc</i>). Thực ra, mỗi dân tộc “đều có một cấu tạo tinh thần cố định như tính chất giải phẫu học của nó” (<i>sách đã dẫn</i>), được biểu hiện trong “tâm hồn” nó. Tất cả các thể chế, niềm tin, mọi nghệ thuật của một dân tộc, chỉ là “mạng lưới hữu hình trong tâm hồn vô hình của nó”. Chủng tộc cũng núp bóng trong mỗi cá nhân cấu thành một dân tộc; nó chi phối mọi hành động, mọi ham muốn, mọi xung năng của anh ta, nó tạo nên vô thức tập thể của anh ta.</p><p>Trong khi đó, thời đại của Le Bon đã chứng kiến bản chất di truyền của chủng tộc bị lung lay với sự lớn mạnh của đám đông và những bất ổn về chính trị, xã hội. Ông đã trải nghiệm qua Công xã Paris năm 1871 và nghiên cứu rất kỹ về cuộc Cách mạng Pháp năm 1789 và 1848. Những trải nghiệm ấy mang lại kinh nghiệm thực tiễn cho việc hình thành tư tưởng về đám đông của ông. Tư tưởng ấy được thể hiện rõ rệt nhất trong tác phẩm&nbsp;<i>Tâm lí học đám đông</i>.</p><p>Theo Le Bon, những đám đông luôn bị vô thức tác động, họ xử sự như người nguyên thuỷ, người dã man, không có khả năng suy nghĩ, suy luận, mà chỉ cảm nhận bằng hình ảnh, bằng sự liên kết các ý tưởng; họ không kiên định, thất thường, và đi từ trạng thái nhiệt tình cuồng loạn nhất đến ngây dại ngớ ngẩn nhất. Vả lại, do thể tạng của mình, những đám đông ấy cần có một thủ lĩnh, một người cầm đầu, kẻ có thể dẫn dắt họ và cho bản năng của họ một ý nghĩa. “Những người cầm đầu hiện nay càng có khuynh hướng thay thế quyền lực công thì quyền lực công càng bị chất vấn và suy yếu đi. Sự bạo ngược của những ông chủ mới này làm đám đông ngoan ngoãn vâng lời họ hơn cả khi họ đã từng vâng lời chính quyền’’ (<i>Tâm lí học đám đông</i>, tr.177). Vậy nên, thời hiện đại được định tính bằng sự lên ngôi của những đám đông được người cầm đầu dẫn dắt. Và trong thời đại hỗn loạn và lo âu ấy, bằng việc đánh mất lí tưởng của mình, chủng tộc đã đánh mất tâm hồn mình và lại trở thành đám đông. ”Nền văn minh chẳng có sự cố định nào, bị phó mặc cho mọi ngẫu nhiên. Bọn tiện nhân thành bà hoàng và những kẻ dã man tiến lên” (<i>Tâm lí học đám đông</i>, tr.303).</p><p>Ngày nay, lí thuyết của Le Bon vẫn chịu một số chỉ trích. Ông được coi là người đặt nền móng cho chủ nghĩa quốc gia hiện đại. Nhưng dù thế nào đi nữa thì Le Bon cũng chỉ là “con đẻ” của thời đại ông. Nỗi lo sợ về nạn bạo lực, sự hoành hành, chứng khủng bố của những đám đông thể hiện rất rõ trong lí thuyết của ông. Ông dường như đã quá phóng đại về nguy cơ bạo lực và sự vô lí của đám đông. Tuy vậy, cuốn sách này thực sự là tác phẩm quan trọng và có ảnh hưởng lớn tới tư tưởng thời đại của Le Bon nói chung cũng như tâm lí học hiện đại nói riêng. Dù tán thành hay phản đối, dù đôi chỗ Le Bon có phần cực đoan, và những quan điểm, luận thuyết của ông còn phải tranh luận, nhưng NXB Tri thức cũng xin mạnh dạn giới thiệu tác phẩm của Le Bon với độc giả Việt Nam như một cái nhìn tham khảo. Hơn nữa, việc xem xét, tìm hiểu nhiều học thuyết trên thế giới, thậm chí trái ngược, mâu thuẫn với nhau thiết nghĩ là điều rất hữu ích cho các sinh hoạt tri thức của Việt Nam, làm đa dạng hoá và phong phú thêm tri thức của người Việt Nam. Trên tinh thần đó, chúng tôi sẽ tiếp tục cho ra mắt bản dịch cuốn&nbsp;<i>Trí tuệ đám đông&nbsp;</i>(The Wisdom of Crowds), một trong những cuốn sách bán chạy nhất năm 2005, mang một cái nhìn khác với cái nhìn của Le Bon về đám đông, để độc giả có thêm thông tin khách quan về chủ đề này.</p><p>Trong khi đọc cuốn sách này, xin độc giả lưu ý rằng cụm từ&nbsp;<i>chủ nghĩa xã hội</i>&nbsp;(socialisme) mà Le Bon nhắc đến ở đây có hàm ý là&nbsp;<i><strong>chủ nghĩa xã hội không tưởng</strong></i>&nbsp;đã tồn tại từ thế kỉ XVI đến thế kỉ XIX ở Tây Âu, chứ không đồng nghĩa với khái niệm&nbsp;<i><strong>chủ nghĩa xã hội khoa học</strong></i>&nbsp;của Marx và Engels mà Lenin đã vận dụng để xây dựng nên Liên bang Xô viết và trở thành nền tảng tư tưởng của phe xã hội chủ nghĩa được hình thành sau Chiến tranh thế giới thứ hai.</p><p>Xin trân trọng giới thiệu cùng bạn đọc!</p><p>&nbsp;</p><p><strong>Lời nói đầu</strong></p><p>Dẫn luận</p><p>&nbsp;</p><p>Quyển I</p><p>TÂM HỒN NHỮNG ĐÁM ĐÔNG</p><p>Chương I - Đặc điểm tổng quát của đám đông: Quy luật tâm lí về sự thống nhất tinh thần của đám đông</p><p>Chương II - Tình cảm và đạo đức của đám đông</p><p>Chương III - Tư tưởng, sự suy luận và trí tưởng tượng của đám đông</p><p>Chương IV - Mọi niềm tin của đám đông đều mang hình thức tôn giáo</p><p>&nbsp;</p><p>Quyển II</p><p>Ý KIẾN VÀ NIỀM TIN CỦA ĐÁM ĐÔNG</p><p>Chương I - Những nhân tố xa ảnh hưởng tới niềm tin và ý kiến của đám đông</p><p>Chương II - Những nhân tố trực tiếp ảnh hưởng tới ý kiến của đám đông</p><p>Chương III - Người cầm đầu đám đông và cách thuyết phục của họ</p><p>Chương IV - Những giới hạn về tính hay thay đổi của niềm tin và ý kiến đám đông</p><p>&nbsp;</p><p>Quyển III</p><p>PHÂN LOẠI VÀ MÔ TẢ CÁC LOẠI ĐÁM ĐÔNG KHÁC NHAU</p><p>Chương I - Phân loại đám đông</p><p>Chương II - Đám đông bị coi là phạm tội</p><p>Chương III - Hội thẩm tòa đại hình</p><p>Chương IV - Đám đông bầu cử</p><p>Chương V - Nghị viện</p>', 10, 1),
(121, 60, 8, 'Tâm Lý Học Tình Yêu - Tập 2', 70000, '1702819522_3c824544216b5bf2b0c8735164da1200.webp', '<figure class=\"image\"><img src=\"https://salt.tikicdn.com/ts/tmp/7a/91/96/979837545368547ab91ff2dd489ea2a0.jpg\" alt=\"Tâm Lý Học Tình Yêu - Tập 2\"></figure><figure class=\"image\"><img src=\"https://salt.tikicdn.com/ts/tmp/63/95/13/6df51a7dc4f194332368d5d10b427502.jpg\" alt=\"Tâm Lý Học Tình Yêu - Tập 2\"></figure><p>Một cuộc tình hoàn chỉnh sẽ trải qua ba giai đoạn:<br>1 + 1 = 1<br>1 + 1 = 0<br>1 + 1 = 2<br>Ở giai đoạn đầu tiên, bạn là tôi, tôi là bạn, cả hai chúng ta dường như hòa vào làm một thể. Đến giai đoạn thứ hai, bạn là nguyên nhân cơ bản của nỗi thống khổ đời tôi, tôi là nỗi đau khổ tồn tại của đời bạn, hai chúng ta làm sao mà có thể sống chung bên nhau được chứ? Điều này chẳng khác nào một sai lầm lớn! Giai đoạn thứ ba, tôi là tôi, bạn là bạn, nhưng hai chúng ta lại đang ở bên nhau, hơn nữa còn thật sự cảm thấy tôi nên ở cùng với bạn.</p><p>Thông thường, tình yêu mà chúng ta dành cho nhau chỉ mới ở giai đoạn đầu. Tôi đã phóng chiếu một hình tượng hoàn mỹ lên trên con người bạn, và bạn cũng thế, chúng ta cảm thấy tất cả đều thật tuyệt vời. Nhưng, sự thật lại là bạn không hề trông thấy tôi và tôi lại không hề hiểu gì về bạn.</p><p>Giai đoạn thứ hai là giai đoạn mộng tưởng bị phá hủy: Cuối cùng thì tôi cũng nhìn rõ con người bạn, nhưng sao con người bạn ở trong mộng tưởng của tôi lại khác con người thật của bạn nhiều đến thế? Tôi không thể chấp nhận nổi sự thực ấy, cho nên gây chiến với hy vọng cuộc chiến tranh ấy có thể đưa con người trong mộng tưởng quay trở về.</p><p>Giai đoạn thứ ba là giai đoạn chấp nhận con người ở hiện thực. Người chấp nhận con người thật cuối cùng cảm thấy rằng tình yêu đến từ việc hòa hợp với sự tồn tại thực sự của người kia thông qua sự tồn tại thực sự của chính mình, là tình yêu thực tế và chân thực nhất.</p><p>Tình yêu, hôn nhân của chúng ta xuất hiện mâu thuẫn, đổ vỡ, thậm chí là người thứ ba chủ yếu nằm ở giai đoạn thứ hai: Mộng tưởng bị phá hủy.</p><p>Rõ ràng, việc chung sống với nhau cần rất nhiều yếu tố ngoài tình yêu, nhưng không phải ai trong chúng ta cũng đủ hiểu biết, khéo léo để có thể lèo lái tình yêu của mình đến với bến bờ hạnh phúc.</p><p>Thông qua bộ sách “Tâm lý học tình yêu - thật lòng hay là đỉnh cao của sự lừa dối?” hy vọng chúng ta có thể thấu hiểu tình yêu và những nguyên do gây nên những vết rạn trong cuộc tình của mình, từ đó xây dựng một mối quan hệ thực sự lâu bền và hạnh phúc.</p><p><strong>Về tác giả:</strong></p><p>Vũ Chí Hồng sinh ra và lớn lên ở Hà Bắc, Trung Quốc. Ông là chuyên gia tâm lý học hàng đầu Trung Quốc, là tác giả của rất nhiều cuốn sách bán chạy về tâm lý.</p><p>Vũ Chí Hồng tốt nghiệp thạc sĩ tâm lý học tại Đại học Bắc Kinh. Với nền tảng kiến thức uyên bác, cùng với những trải nghiệm thực tế, Vũ Chí Hồng từng là một trong số ít người chủ trì chuyên mục Sức khỏe • Tâm lý của Nhật báo Quảng Châu. Ông là người đứng đầu, thành lập Trung tâm Tư vấn Tâm lý Vũ Chí Hồng và rất nhiều trung tâm tư vấn tâm lý lớn ở Quảng Châu, Thượng Hải, Bắc Kinh.</p><p>Tâm lý học tình yêu - Thật lòng hay là đỉnh cao của sự lừa dối? là tác phẩm thuộc dự án sách về tâm lý học khẳng định tên tuổi của ông trong lĩnh vực tâm lý, tình cảm của con người.</p>', 10, 1),
(122, 58, 8, 'Hiểu Tâm Lý Rành Tâm Ý', 100800, '1702819596_ff6eda7040577dbf3c0187ed46f5e3a7.webp', '<p>*Thông tin sách:</p><p>Tác giả: Huy Đức</p><p>Thể loại: Kỹ năng sống</p><p>Khổ: 14x20,5 cm</p><p>Số trang: 344 trang</p><p>Nhà Xuất Bản Phụ Nữ Việt Nam</p><p>Thương hiệu: Skybooks</p><p>Giá bìa: 123.000 đ</p><p>Phát hành: / /2021</p><p>• Thông tin quà tặng kèm:</p><p>- Bản thường tặng kèm bookmark</p><p>------------------------------------------------------------------</p><p>*Giới thiệu sách:</p><p>“Hầu hết chúng ta đều không hiểu tình yêu khởi nguồn từ đâu và phải làm sao để lựa chọn, nhưng vẫn không ngăn được con tim mình đem lòng yêu thương kẻ khác”</p><p>Thế nào là hạnh phúc, thế nào là tình yêu?</p><p>Tại sao mình lại yêu người này chứ không phải là một ai khác?</p><p>Có tồn tại hay không người được gọi là một nửa “hoàn hảo” của mình?</p><p>Nếu bạn đang tìm lời giải đáp cho những câu hỏi trên thì “Hiểu Tâm Lý Rành Tâm Ý” chính là cuốn sách dành cho bạn.</p><p>Hiểu tâm lý rành tâm ý đánh dấu cột mốc quay trở lại của cây bút gây tiếng vang “Tại sao em ít nói thế?” - Huy Đức sau 3 năm vắng bóng. Tại đây, Huy Đức lí giải mọi thứ dưới góc nhìn tâm lý học, lột trần mọi điều bạn đang thực sự sợ hãi trong tình yêu, từ đó giúp bạn đối mặt và đón nhận một con người mới hơn của chính mình</p><p>Bạn có cơ hội mở rộng thế giới nội tâm dưới nhiều chiều khác nhau để tìm được bản chất của tình yêu mà mình đang thực sự tìm kiếm. Để hiểu rằng muốn có được hạnh phúc thì phải tranh đấu. Hơn cả, yêu là sự kết nối của cảm xúc, nhưng bạn cũng cần tỉnh táo và lý trí để giúp tình yêu luôn lành mạnh và rực rỡ sắc màu.</p><p>Chìa khóa cho một mối quan hệ bền vững cũng được Huy Đức bật mí giữa những câu chuyện đời thường vô cùng chân thực trong Hiểu tâm lý rành tâm ý. Qua đó độc giả được kết nối với “đứa trẻ bên trong” mình, chữa lành thương tổn quá khứ để tự tin và dành lấy tình yêu thực sự thuộc về mình.</p><p>Và sau cùng, dù bạn là ai thì cũng đừng quên rằng “Hạnh phúc là sự lựa chọn của mỗi người và nó luôn dành cho những người xứng đáng nhất”</p><p>#sach #hieutamlyranhtamy #kynangsong</p>', 10, 1),
(123, 61, 8, 'Textbook Tâm lý học', 333000, '1702819668_fa3fe78df93a7872cb13b22f4c93815c.webp', '<p>Tác giả: Abigail Baird</p><p>Công ty phát hành: Saigon Books</p><p>Mã sản phẩm: 8935278607564</p><p>Nhà xuất bản: NXB Công Thương</p><p>Kích thước: 20.5 cm x 27.5 cm</p><p>Số trang: 444</p><p>Năm phát hành: 07/2023</p><p>&nbsp;</p><p>TEXTBOOK TÂM LÝ HỌC</p><p>&nbsp;</p><p>Tâm lý học là gì?</p><p>Tâm lý học là khoa học nghiên cứu hành vi, các phản ứng và hành động công khai, các quá trình tâm thức và hoạt động nội tâm ẩn giấu trong trí não. Trong khi các nhà triết học nghiên cứu tại sao con người lại hành động như những gì họ thể hiện thì các nhà tâm lý học sử dụng các phương pháp khoa học để mô tả, giải thích, dự đoán hoặc kiểm soát hành vi của con người cũng như động vật một cách chính xác. Phương pháp khoa học chỉ mới được áp dụng vào tâm lý học chưa lâu; cho đến khoảng 130 năm trước, tâm lý học vẫn chỉ được coi là một nhánh của triết học.</p><p>&nbsp;</p><p>Tại sao cần nghiên cứu tâm lý học?</p><p>Điều gì đã thúc đẩy bạn nghiên cứu tâm lý học?</p><p>Có thể bạn đang hy vọng giải quyết được cuộc tranh luận về “bẩm sinh và nuôi dưỡng”, tìm hiểu xem liệu các yếu tố môi trường có thể thực sự lấn át các yếu tố di truyền hay không.</p><p>Có thể bạn đang tìm kiếm những mẹo cải thiện mối quan hệ với bạn bè và các thành viên trong gia đình, hoặc có thể bạn đang quan tâm tìm hiểu cách làm giảm căng thẳng và lo lắng trong cuộc sống hàng ngày.</p><p>&nbsp;</p><p>Nghiên cứu tâm lý học giúp giảm những điều không chắc chắn về trải nghiệm của chúng ta bằng cách cung cấp kiến thức về bản thân (Tại sao tôi bị suy giảm trí nhớ ngắn hạn? Làm thế nào để tăng chỉ số IQ?), về người khác (Tại sao có người bị rối loạn tâm thần? Tại sao mọi người lại có nhân cách khác nhau?), và thế giới (Người dân đến từ những quốc gia khác nhau có nhìn nhận thế giới theo cách khác nhau hay không? Văn hóa ảnh hưởng đến nhân cách như thế nào?).</p><p>&nbsp;</p><p>Sách textbook tâm lý học dễ tiếp cận với mọi đối tượng bởi những chủ đề được giáo sư xây dựng vô cùng gần gũi với đời sống thực tiễn. Đề tài truyền tải trong từng giáo trình gắn liền với những câu chuyện kết nối trạng thái tâm lý học. Những kiến thức khoa học được lồng ghép tinh tế có thể giúp người đọc tiếp nhận dễ dàng hơn những kiến thức trừu tượng.</p><p>Nếu bạn nào đang là sinh viên ngành tâm lý học, hay bạn thích tìm tòi các kiến thức, các chủ đề học thuật, sách textbook, giáo trình tâm lý học xã hội, giáo trình tâm lý học phát triển, giáo trình tâm lý học hành vi…thì nên tìm kiếm các giáo trình tâm lý học như Think Psychology để dễ đọc và tiếp cận.</p><p>&nbsp;</p><p>Bạn có thể tham khảo quyển sách Textbook Tâm lý học được viết bởi bà Abigail Baird – Giáo sư Tâm lý học tại trường Cao đẳng Vassar. Abigail Baird là Giáo sư Tâm lý học tại trường Cao đẳng Vassar. Bà tốt nghiệp đại học tại trường Cao đẳng Vassar và nhận cả bằng Thạc sĩ và Tiến sĩ từ Đại học Harvard. Sau khi hoàn thành chương trình Tiến sĩ, bà được nhận Học bổng sau Tiến sĩ tại Trung tâm Khoa học Thần kinh Nhận thức tại Đại học Dartmouth. Nhiều bài báo và bài thuyết trình của bà đề cập đến các chủ đề như sự phát triển não bộ ở tuổi vị thành niên, điều chỉnh nhận thức về cảm xúc, tư pháp vị thành niên và các biểu hiện của thiên kiến dân tộc&nbsp;trong trí não và hành vi.</p>', 10, 1),
(124, 62, 10, 'Cơ sở văn hóa Việt Nam', 131600, '1702819883_c9f8a6f28ce61f3749a5e673d4158896.webp', '<ul><li>Tác giả GS. TSKH. Trần Ngọc Thêm</li><li>NXB NXB ĐH Quốc Gia Hà Nội</li><li>Năm XB 2023</li><li>Ngôn Ngữ Tiếng Việt</li><li>Kích Thước 16 x 24 cm</li><li>Số trang 360</li><li>Hình thức Bìa Mềm</li></ul><p>Trong thời đại ngày nay, khi kinh tế ngày càng phát triển và các quốc giai trên thế giới ngày càng xích lại gần nhau thì văn hoá dân tộc ngày càng trở thành trung tâm của sự chú ý. Những năm gần đây, văn kiện của Đảng và Nhà nước Việt Nam nhiều lần khẳng định vai trò quan trọng của văn hoá trong viêc bồi dưỡng và phát huy nhân tố con người, đồng thời đặt mục tiêu “xây dựng một nền văn hoá tiên tiến, đậm đà bản sắc dân tộc”.</p><p>- “Văn hoá là sợi chỉ đỏ xuyên suốt toàn bộ lịch sử của dân tộc, nó làm nên sức sống mãnh liệt, giúp cộng đồng dân tộc Việt Nam vượt qua biết bao sóng gió và thác ghềnh tưởng chừng không thể vượt qua được, để không ngừng phát triển và lớn mạnh” - Phạm Văn Đồng</p><p>- “Văn hoá là cái còn lại khi người ta đã quên đi tất cả, là cái vẫn thiếu khi người ta đã học tất cả.</p><p>Giáo trình&nbsp;“Cơ sở văn hóa Việt Nam”&nbsp;được biên soạn theo sát chương trình do Bộ Giáo dục và Đào tạo ban hành năm 1995. Theo đó, hệ thống văn hóa Việt Nam được xem xét một cách đồng đại theo ba thành tố “nhận thức – tổ chức – ứng xử”, nhưng trong mỗi thành tố lại chú trọng tới tính lịch đại của nó.</p><p>Trong lần tái bản này, toàn bộ cuốn sách đã được xem lại và chỉnh sửa, bổ sung. Giáo trình bao gồm các nội dung:</p><p>Chương I: Văn hóa học và văn hóa Việt Nam</p><p>Chương II: Văn hóa nhận thức</p><p>Chương III: Văn hóa tổ chức đời sống tập thể</p><p>Chương IV: Văn hóa tổ chức đời sống cá nhân</p><p>Chương V: Văn hóa ứng xử với môi trường tự nhiên</p><p>Chương VI: Văn hóa ứng xử với môi trường xã hội</p><p>Thay lời kết luận: Văn hóa Việt Nam từ truyền thống đến hiện đại</p>', 10, 1),
(125, 64, 10, 'Sách Văn Hóa Ứng Xử Học Đường - V2108T', 259000, '1702820082_07b9097325fc8493747831d1265297d2.webp', '<p>Nhà sách Nam Việt – Namvietbook xin trân trọng giới thiệu cuốn sách <i><strong>Văn Hóa Ứng Xử Học Đường</strong></i></p><figure class=\"image\"><img src=\"https://salt.tikicdn.com/ts/tmp/fd/b3/99/c6ba4844f1757337bb0a7a7f0788747c.jpg\" alt=\"\"></figure><p><i><strong>Văn Hóa Ứng Xử Học Đường</strong></i></p><p>- Mã sách: V2108T</p><p>- Đơn vị phát hành: Cty sách Luật Việt Nam</p><p>- Tác giả: Tăng Bình - Ái Phương</p><p>- ISBN: 978-604-380-270-2</p><p>- Khổ sách: 19 x 27 cm</p><p>- Số trang: 400 trang</p><p>- Nhà xuất bản: Hồng Đức</p><p>- Năm xuất bản: Quý III/2022</p><p>- Giá bìa: 395.000đ</p><p>- Giá bán: áp dụng tùy thời điểm theo chương trình khuyến mãi tri ân của Shop</p><p>- Toàn bộ sách bìa mềm khổ lớn 19 x 27 cm phân phối bởi Nhà sách Nam Việt đều được bọc sách Plastic MIỄN PHÍ và xuất hóa đơn điện tử đầy đủ, nhanh chóng.</p><p>…/…</p><p><i>Nội dung sách gồm có 9 phần sau:</i></p><p>Phần thứ nhất.&nbsp;Tìm hiểu&nbsp;VĂN HÓA ỨNG XỬ&nbsp;SỞ ĐỐI VỚI CÁN BỘ QUẢN LÝ, GIÁO VIÊN, NHÂN VIÊN, NGƯỜI HỌC, CHA MẸ NGƯỜI HỌC TRONG CÁC CƠ SỞ GIÁO DỤC</p><p>Phần thứ hai.&nbsp;ỨNG XỬ CỦA GIÁO VIÊN VỚI HỌC SINH PHÙ HỢP</p><p>Phần thứ ba.&nbsp;GIÁO DỤC KỸ NĂNG SỐNG TRONG NHÀ TRƯỜNG</p><p>Phần thứ tư.&nbsp;TIÊU CHÍ VỀ CHUẨN NGHỀ NGHIỆP GIÁO VIÊN MẦN NON,&nbsp; CƠ SỞ GIÁO DỤC PHỔ THÔNG&nbsp;</p><p>Phần thứ năm. KỸ NĂNG LÀM VIỆC THEO NHÓM TRONG NHÀ TRƯỜNG</p><p>Phần thứ sáu.&nbsp;KỸ NĂNG QUẢN LÝ VÀ SỬ DỤNG THỜI GIAN HIỆU QUẢ</p><p>Phần thứ bảy.&nbsp;KỸ NĂNG GIAO TIẾP HÀNH CHÍNH, VĂN PHÒNG</p><p>Phần thứ tám.&nbsp;VẬN DỤNG PHONG CÁCH ỨNG XỬ CỦA CHỦ TỊCH HỒ CHÍ MINH</p><p>Phần thứ chín.&nbsp;CÁC VĂN BẢN PHÁP LUẬT LIÊN QUAN&nbsp;NGÀNH GIÁO DỤC</p>', 10, 1),
(126, 63, 10, 'Văn Hóa Du Lịch', 220000, '1702820174_f51e25de09dfc8b76fac89554f22afc6.webp', '<p><strong>Văn Hóa Du Lịch</strong></p><p>Đây là công trình đầu tiên nghiên cứu một cách hệ thống và sâu rộng về văn hóa du lịch ở Việt Nam. Cuốn sách cung cấp những tri thức cơ bản về văn hóa, các loại hình văn hóa, các khía cạnh khác nhau của văn hóa du lịch, các lĩnh vực khác nhau của du lịch văn hóa, những di sản, di tích, công trình đương đại, cảnh quan văn hóa có vai trò quan trọng trong du lịch, những đặc điểm của văn hóa quản lý và kinh doanh du lịch, cũng như những vấn đề liên quan đến bảo vệ văn hóa trong phát triển du lịch, vấn đề phát triển du lịch trong bối cảnh hội nhập quốc tế... Những vấn đề cơ bản nhất của du lịch đã được đề cập tới trong cuốn sách này từ góc nhìn văn hóa.</p><p>Sách tập trung đi sâu phân tích&nbsp;những thực thể văn hóa được sử dụng trong du lịch, bao gồm các loại tài nguyên văn hóa được con người khai thác, sử dụng để tạo ra sản phẩm du lịch phục vụ nhu cầu của du khách, cùng với sự tham gia của môi trường văn hóa trong sự tương tác với môi trường tự nhiên. Đó là các tài nguyên văn hóa vật thể và phi vật thể, là các điều kiện chính trị - kinh tế - xã hội, là cơ sở vật chất kỹ thuật, các yếu tố an ninh, quốc phòng… làm nên những nguồn lực cho phát triển du lịch. Những thực thể văn hóa đó tồn tại khách quan, bên ngoài du lịch, không do du lịch tạo ra, được khai thác, sử dụng trong du lịch.</p>', 10, 1),
(127, 65, 10, 'Sách ảnh Di sản văn hóa Chăm (Tái bản)', 192000, '1702820263_d6f9dc3e3e4c748d3cdeafbc6fab42ff.webp', '<p>Di sản văn hóa Chăm ( Heritage of Chăm culture )</p><p>Nếu như <i>Điêu khắc Chăm </i>đã làm biết bao bạn đọc sững sờ về một số biểu hiện tâm thức sùng đạo – yêu đời của người Chăm dưới nhát đục điêu luyện, tinh tế của các nghệ nhân Chăm thời xưa thì <i>Du khảo văn hóa Chăm</i> lại dẫn dắt độc giả - cũng bằng hình ảnh – theo bước bôn ba tìm lẽ sống của một tộc người từ buổi ban đầu đến tận ngày hôm nay trên dải đất hình chữ S này. Và giờ đây, trên tay các bạn là tập Di sản văn hóa Chăm như để tỏ bầy một tâm thức cảm thụ, một dòng suy tư riêng tây của một con người – nghệ sĩ về một nền văn hóa nghệ thuật một thời rực rỡ xán lạn để rồi hôm nay hội nhập vào đại gia đình văn hóa Việt Nam độc đáo trên vùng Đông Nam Á này</p><p>If the Chăm Sculpture has amazed many spectators with the Chăm pious mentality and joy of living in the skilled and fine carving of Chăm artists, then Peregrinations into Chăm culture would guide spectators, also through the photographs, to the wandering for justification of living by ethmic from the early beginning down to this very day on this S – shaped land. And now, in your hands is the Heritage of Chăm Culture as an expression of person – artists sensitive consciousness and personal reflection over an art and culture once brilliant and splendid and now integrated into the great original family of Vietnam culture in Southeeast Asia.</p><p>&nbsp;</p>', 10, 1);
INSERT INTO `products` (`id`, `author_id`, `cat_id`, `name`, `price`, `image`, `description`, `product_quantity`, `status`) VALUES
(128, 66, 10, 'Lãng du trong văn hóa Việt Nam (bộ 3 tập)', 298350, '1702820370_50f7f653baab720ccbf26302c53638b7.webp', '<p>LÃNG DU TRONG VĂN HÓA VIỆT NAM</p><p>Tác giả: Hữu Ngọc</p><p>Khuôn Khổ: 14x22,5 cm</p><p>Số trang: 344 (tập 1), 456 (tập 2), 480 (tập 3)</p><p>Định dạng: bìa mềm</p><p>Bộ sách: Lãng du trong văn hóa Việt Nam</p><p>Xuất bản: NXB Kim Đồng</p><p>&nbsp;</p><p>GIỚI THIỆU TÁC PHẨM</p><p>Bộ sách “Lãng du trong văn hóa Việt Nam” của học giả Hữu Ngọc vừa là một cuộc lãng du chữ nghĩa, vừa giống cẩm nang văn hóa Việt, một “bách khoa toàn thư” thu nhỏ về văn hóa xứ sở tiên rồng.</p><p>Bộ sách được chia làm 3 tập: Đất Việt (103 bài), Lịch sử - Truyền thống (150 bài) và Văn hóa – Bản sắc dân tộc – Văn học – Nghệ thuật (122 bài).</p><p>Hi vọng cuốn sách sẽ đem lại cho bạn đọc “cái thú” khi là người Việt tìm hiểu về văn hóa Việt qua một cuốn sách khởi nguyên dành làm cầu nối giới thiệu đất nước, con người Việt tới bạn bè quốc tế. Lần giở Lãng du trong văn hóa Việt Nam, biết đâu bạn đọc ngỡ ngàng trước vẻ đẹp của quê hương, của văn hóa - những điều chưa trải, những điều trải chưa sâu, những vẻ đẹp không nhiều khi rực rỡ mà lắm lúc vì quá bình dị và quen thuộc nên chưa được lưu tâm. Qua đó, mong rằng bạn đọc sẽ hiểu thêm về cội nguồn, truyền thống và tương lai văn hóa dân tộc, để bước vào thời kì hội nhập “hòa nhập nhưng không hòa tan”, hiểu văn hóa xứ sở mình song hành cùng tiếp thu tinh hoa văn hóa thế giới.</p><p>“… Như người ta thường nói, điều đáng nhớ nhất trong một hành trình nhiều khi không phải điểm đến mà là người đồng hành. Trong suốt chuyến đi, Hữu Ngọc hiện diện bên người đọc như người dẫn đường thông thái, lịch lãm, một người bạn vong niên ân cần và tinh tế…” - Tiến sĩ Văn học NGUYỄN THỊ DIỆU LINH -</p><p>Bộ sách “Lãng du trong văn hóa Việt Nam” của học giả Hữu Ngọc vừa là một cuộc lãng du chữ nghĩa, vừa giống cẩm nang văn hóa Việt, một “bách khoa toàn thư” thu nhỏ về văn hóa xứ sở tiên rồng.</p><p>Bộ sách được chia làm 3 tập: Đất Việt (103 bài), Lịch sử - Truyền thống (150 bài) và Văn hóa – Bản sắc dân tộc – Văn học – Nghệ thuật (122 bài).</p>', 9, 1),
(129, 67, 10, 'Văn Hóa Tín Ngưỡng Việt Nam', 79500, '1702820425_1aae98f5b1cd140d096605dd1eb2a93c.webp', '<p><strong>Văn Hóa Tín Ngưỡng Việt Nam</strong><br>Tác phẩm Văn Hóa Tín Ngưỡng Việt Nam của tác giả Nguyễn Hạnh là tác phẩm biên khảo về tín ngưỡng của người Việt khởi từ thời dựng nước với khái niệm thờ: Trời, đất, tổ tiên. Những niềm tin dân gian của ông bà ta xưa vẫn còn lưu truyền đến ngày nay thông qua kho tàng ca dao.Tiếp đến là sự giao thoa văn hóa với 4 tôn giáo lớn ở Việt Nam là Nho, Phật, Lão, Công Giáo. Chính sự giao thoa giữa tín ngưỡng dân gian Việt Nam và 4 tôn giáo lớn này đã hình thành nên nhiều tôn giáo bản địa như Cao Đài, Hòa Hảo, Hòa Đồng Tôn Giáo. Sự giao thoa, tiếp thu và chọn lọc đó đã làm nên một đặc sắc trong chiều kích tâm linh đó là các tôn giáo du nhập phải được điều chỉnh và chứa đựng được yếu tố tín ngưỡng của người Việt. Chính những ảnh hưởng giao thoa này góp phần tạo nên bản sắc văn hóa, tín ngưỡng của người Việt xuyên suốt từ thuở dựng nước đến nay. Tác phẩm Văn Hóa Tín Ngưỡng Việt Nam sẽ góp phần làm phong phú thêm Tủ sách Triết học phương Đông của NXB Trẻ và là quyển sách cần thiết cho độc giả tìm hiểu về cội nguồn tín ngưỡng của người Việt.</p>', 10, 1),
(130, 68, 10, 'Văn Hóa Giao Tiếp Của Người Nhật', 93500, '1702820512_213e20d4947f693288477c52ade64d53.webp', '<p>Nhà xuất bản : NXB Phụ Nữ</p><p>Năm xuất bản : 2019</p><p>Giới thiệu sách :</p><p>Giao tiếp được vận dụng vào muôn mặt của cuộc sống, từ chào hỏi xã giao tới các cuộc họp, hội nghị với đối tác; từ những cuộc chuyện trò thân mật giữa những người bạn tới những buổi lễ trang trọng.</p>', 10, 1),
(131, 69, 10, 'Tết Hoàng Cung', 190000, '1702820698_9f804d0bdf5bb3bdb324e4794f1942eb.webp', '<p>Khác với không khí Tết cổ truyền trong nhân gian, Tết trong Hoàng cung được tổ chức rất long trọng với nhiều nghi lễ như: Lễ Ban Sóc, lễ Tiến Xuân, lễ Tế Giao. Cuốn sách đã tái hiện lễ dựng nêu - một truyền thống lâu đời của dân tộc trong những ngày đầu xuân năm mới, lễ dựng nêu trong dân gian xưa và tại chốn Hoàng cung ngày nay vẫn luôn là một phong tục đẹp trong truyền thống tâm thức người dân đất Việt. Để đi sâu hơn, cuốn sách cũng đưa đến những nghi thức trong lễ Nguyên đán thời Nguyễn xưa và lễ Nguyên đán phục dựng ngày nay. Bên cạnh đó, tác giả cũng mô tả về nghi lễ Tế Giao (nghi lễ tế trời với mục đích cầu cho mưa thuận gió hòa, nước vững dân an, thiên hạ thái hòa) diễn ra tại đàn Nam Giao và Trai Cung và phụ chú về Áo của vua trong lễ Tế Giao.</p><p>Trong cuốn sách Tết Nhâm Dần 2022 này, tác giả cũng đưa đến hình ảnh con “hổ” trong văn hóa cung đình. Hổ là một trong 12 con giáp gắn với những quan niệm phương Đông, là một con vật có tính biểu tượng ước lệ cao, gắn với các di tích, cổ vật.</p><p>Mùa xuân trong thơ là ẩn dụ cho một sức sống mới của một triều đại mới. Mùa xuân trong thơ trên kiến trúc cung đình Huế mang những trường thẩm mỹ đậm dấu ấn thời đại. Hình ảnh bình minh của triều đại lại được ẩn dụ bằng những sắc màu của mùa xuân. Ngoài ra tác giả cũng nói về trò chơi Thả thơ ở Kinh đô và cách chế biến các món ăn qua sách thơ “Thực phổ bách thiên”.</p>', 8, 1),
(132, 70, 10, 'Văn Hóa Đô Thị (Tái Bản 2019)', 112500, '1702820804_d84a12d713ad7270930caaa79ac39dea.webp', '<p>Văn hóa không chỉ là khái niệm, mà còn được coi là thành quả. Đó là cột mốc mở ra các thời đại văn minh của loài người.</p><p>Cách nay hàng vạn năm, nhờ các hoạt động trồng trọt và sản xuất nông nghiệp, loài người đã vượt qua thời kỳ dài săn bắt - hái lượm. Họ không còn lệ thuộc vào tự nhiên để sinh tồn. Họ khai thác, chinh phục tự nhiên, biến tự nhiên thành… văn hóa, nhờ phát triển nhận thức. Kể từ đó, loài người bắt đầu tạo lập đời sống riêng của mình, xây dựng “thế giới tự nhiên thứ hai”, được gọi là quá trình đô thị hóa.</p><p>Đô thị là quá trình con người tạo lập nên đời sống. Từ thời cổ trung đại đến hiện đại, đô thị đã trải qua nhiều hình thái. Chức năng của đô thị là nối dài sự phát triển của văn hóa, đáp ứng các nhu cầu phong phú, đa dạng của con người. Trong quá trình này, con người đã sáng tạo ra một loạt các thành quả văn hóa, trên các lĩnh vực tư tưởng, tôn giáo, khoa học, giáo dục, kinh tế, công nghệ và nhiều thiết chế khác.</p><p>Đô thị vừa có vai trò quan trọng trong quá trình tiến hóa, vừa có xu thế lan tỏa trên mọi phạm vi không gian. Đô thị trở thành môi trường sống của loài người, trong các tương quan hài hòa với thế giới tự nhiên, đồng bộ về kỹ thuật tiện ích, để con người ngày càng văn minh, tiến bộ.</p><p>Nước ta đang trong quá trình đô thị hóa. Bên cạnh sự nghiệp công nghiệp hóa - hiện đại hóa, càng cần phải chú ý đến đô thị hóa, với các thành quả văn minh của nhân loại, để xây dựng nền văn hóa Việt Nam tiên tiến, đậm đà bản sắc dân tộc theo tinh thần Nghị quyết Trung ương 5 (khóa VIII), nhằm mục tiêu làm cho dân giàu, nước mạnh, dân chủ, công bằng, văn minh.</p><p>Hiện nay, nhiều công trình đã khảo cứu đô thị về các phương diện lịch sử, xã hội, địa lý hoặc nhân học, nhưng tiếp cận đô thị về văn hóa còn ít được quan tâm; trong khi khái niệm văn hóa cho đến nay vẫn có nhiều quan niệm khác nhau. Công trình Văn hóa đô thị của tác giả Trần Ngọc Khánh xuất bản lần đầu năm 2012, được tác giả tiếp tục chỉnh sửa hoàn thiện.</p><p>Nhà xuất bản Tổng hợp Thành phố Hồ Chí Minh cho tái bản công trình này và xin trân trọng giới thiệu đến với bạn đọc.</p>', 10, 1),
(133, 71, 10, 'Văn Hóa Dân Gian Vùng Đồng Tháp Mười', 111300, '1702820970_d13927263ae90205fa162add7632136d.webp', '<p>“Trong mấy trăm năm qua, Đồng Tháp Mười cũng như mọi miền đất khác ở Nam bộ đã trải qua nhiều thời kỳ lịch sử, từ khai hoang, lập làng xây dựng cuộc sống mới, đến bao cuộc chiến đấu chống cường hào phong kiến, chống quân Xiêm can thiệp, bảo vệ thành quả vừa đạt được; kế tiếp là cuộc kháng chiến chống thực dân Pháp và đế quốc Mỹ, thực hiện lý tưởng độc lập dân tộc gắn liền với chủ nghĩa xã hội.</p><p>Suốt trong diễn trình đó, Đồng Tháp Mười sản sinh ra biết bao con người cần cù lao động, tích cực chiến đấu bảo vệ, xây dựng quê hương trên nhiều lĩnh vực. Bên cạnh đó cũng không ít nhân vật sinh trưởng ở địa phương khác, song có công sức góp phần vào thành quả bảo vệ và xây dựng Đồng Tháp Mười, thường được nhân dân địa phương thờ phượng, nhắc nhở…”</p><p>“Trên cái nền chung của văn hóa dân tộc, văn hóa dân gian vùng Đồng Tháp Mười từng bước định hình trong bối cảnh hơn 300 năm khai hoang mở cõi ở Nam bộ, vùng đất mới của Tổ Quốc. không như Trung và Bắc bộ, các vùng văn hóa dân gian Nam bộ rất khó chia rạch ròi. Bởi lẽ đây là vùng đồng bằng, địa hình không bị núi cao đóng vai trò ngăn cách, cản ngăn sự lan tỏa của hiện tượng giao lưu văn hóa; ngoại trừ ba khu vực có địa hình đặc thù là miền Đông Nam bộ khá cao với một ít đồi núi, vùng trũng Đồng Tháp Mười và cùng đầm lầy U Minh”.</p><p>Tên gọi Đồng Tháp Mười được dùng phổ biến có lẽ bắt đầu từ cuộc kháng chiến chín năm (1945 - 1954) chống Pháp anh dũng của nhân dân Nam bộ. Vì lúc bấy giờ Đồng Tháp Mười là nơi tập trung nhiều cơ quan đầu não của Nam bộ và khu VIII, đồng thời thực dân Pháp cũng tổ chức nhiều cuộc hành quân quy mô đánh vào với ý đồ tiêu diệt các cơ quan này. Nên trên hệ thống thông tin tuyên truyền của ta cũng như báo, đài của địch thường xuyên đề cập đến địa danh này. Địa danh Đồng Tháp Mười được nhiều người biết đến từ đó</p><p>Người ta không ngần ngại cho rằng Đồng Tháp Mười là “Việt Bắc” của Nam bộ, là “thủ đô” kháng chiến của Nam bộ. Gọi như thế cũng không có gì là quá đáng, vì lúc bấy giờ Đồng Tháp Mười tập trung các cơ quan lãnh đạo, có phần lớn trí thức ưu tú hàng đầu của Nam bộ, kể cả đại điền chủ (hoặc con cháu) tiến bộ, yêu nước của vùng đất mới này, có lực lượng Vệ quốc đoàn, du kích hùng mạnh.</p><p>Ba tiếng “Đồng Tháp Mười” đầy ấn tượng. Đối với nhân dân Nam bộ, ba tiếng thân thương đó gợi lên bao nét vừa hào hùng anh dũng, vừa thiêng liêng; nhưng với kẻ thù thì, ba tiếng ấy đồng nghĩa với khủng khiếp, hãi hùng, chết chó</p><p>Dù tên gọi chính thức xuất hiện cách đây chỉ hơn nửa thế kỷ, nhưng lưu dân người Việt biết vùng đất này rất sớm, ngay từ buổi đầu khai hoang mở cõi và đặt cho nó nhiều cái tên là Chằm Mãng Trạch, Pha Trạch, Lâm Tẩ mà ngày nay còn thấy trong các thư tịch cổ. Đến cuộc kháng chiến của Thiên hộ Võ Duy Dương, tên Thập Tháp (dựa vào tên dân gian là Tháp Mười) bắt đầu xuất hiện trên một số báo cáo của triều đình Huế và của cả thực dân Pháp, mặc dù họ đã chủ động áp đặt một cái tên cho vùng đất này “Plaine inondée couverte d’herbe”, có nghĩa là “Cánh đồng ngập nước đầy cỏ”, sau rút gọn lại, là “Plaine des Joncs” với nghĩa là “Cánh đồng cỏ lát”.</p><p>Mỗi tên gọi trên đều mang yếu tố chằm, trạch, cỏ lát, ngập nước. Điều đó cho thấy, tự cái tên thôi cũng phản ánh được ít nhiều đặc điểm tự nhiên của vùng. Điều kiện tự nhiên chẳng những góp phần vào việc hình thành tên gọi của vùng mà còn là một yếu tố tác động có tính quyết định đến tiến trình xã hội của cư dân trên địa bàn đó.</p><p>Đến cuối thế kỷ XIX, công cuộc khai hoang ở Nam bộ coi như hoàn tất, nhưng vùng Đồng Tháp Mười nằm ở Trung bộ của vùng đất này vẫn còn hoang hóa, con người chỉ định canh định cư ở vùng ven, vùng rìa.</p><p>Trên đây là một số yếu tố góp phần hình thành đặc điểm văn hóa dân gian vùng Đồng Tháp Mười. Bên cạnh những nét chung của văn hóa dân tộc, hoặc do quá trình giao lưu mang lại, văn hóa dân gian vùng này còn có nhiều nét đặc thù do sự tác động của điều kiện thiên nhiên tại chỗ. Do đó, muốn tách bạch rạch ròi, cái nào của riêng Đồng Tháp Mười, cái nào là của Nam bộ là một việc làm rất khó, nhất là trong lĩnh vực văn học.</p><p>Từ trước đến nay, có rất nhiều bài viết, tham luận khoa học đề cập đến văn hóa văn nghệ dân gian của vùng đất này, gần đây có Địa chí Long An, Địa chí Đồng Tháp Mười đã xuất bản, Địa chí Tiền Giang, Địa chí Đồng Tháp đang hoàn chỉ Hầu hết các bài viết, các công trình trên, do yêu cầu phục vụ, do giới hạn đề tài, nên phần văn hóa dân gian vùng Đồng Tháp Mười chỉ được trình bày ở một khía cạnh, góc độ nào đó thôi. Riêng về mảng văn học cũng đã có một số công trình đề cập đến, như Giai thoại dân gian Đồng Tháp Mười, Truyền thuyết về Thiên hộ Dương - Đốc binh Kiều của Nguyễn Hữu Hiếu; Văn học Đồng Tháp do giáo sư Lê Trí Viễn chủ biên; Ca dao Đồng Tháp, do Trường Cao đẳng Sư phạm Đồng Tháp sưu tầm biên soạn; Dân ca Đồng Tháp do Lê Giang - Lư Nhất Vũ thực hiện; Truyện dân gian đồng bằng sông Cửu Long, do Khoa Ngữ văn Trường Đại học Cần Thơ sưu tầm biên soạ</p><p>Kế thừa kết quả công việc của người đi trước, với lòng yêu mến một vùng đất quê hương, với lòng ham muốn học hỏi, chúng tôi cố gắng sưu tầm, tuyển chọn, biên soạn một cách có hệ thống, với mong ước nói lên được một vài nét riêng biệt của vùng Đồng Tháp Mười trong bối cảnh chung Nam bộ và cả nước. Trong tập sách này, chúng tôi lần lượt trình bày:</p><p>Chương 1: Mấy nét khái quát vùng Đồng Tháp Mười;</p><p>Chương 2: Đời sống vật chất;</p><p>Chương 3: Đời sống tâm linh;</p><p>Chương 4: Di tích lịch sử - văn hóa;</p><p>Chương 5: Nhân vật;</p><p>Chương 6: Văn học dân gian, gồm truyền thuyết, ca dao, dân ca (hò, vè, lý)</p><p>Trong nội dung trình bày chúng tôi đặc biệt chú trọng đến tính truyền thống hơn là đương đại và cố gắng tránh đề cập những gì mang nét chung của cả Nam bộ.</p><p>Nhân đây tôi xin bày tỏ lòng biết ơn Ban Chấp hành Hội Văn nghệ Dân gian Việt Nam tạo điều kiện cho tôi hình thành bản thảo; cảm ơn các bạn hữu, các vị cao niên hết lòng động viên, cung cấp tư liệ giúp tôi trong khâu biên soạn. Đặc biệt cảm ơn Tiến sĩ Huỳnh Văn Tới góp ý đề cương và Hội Văn nghệ Dân gian Việt Nam tạo điều kiện xuất bản tập sách này.</p><p>Tập sách “Văn hóa dân gian vùng Đồng Tháp Mười” được Nhà xuất bản Văn Nghệ xuất bản lần đầu vào năm 2007, lần in thứ 2, vào năm 2010 do Nhà xuất bản Dân Trí thực hiện trong Dự án “Công bố và phổ biến tài sản văn hóa dân gian của các dân tộc Việt Nam” của Hội Văn nghệ Dân gian Việt Nam. Trong lần tái bản này, theo yêu cầu của Nhà xuất bản Văn hóa - Văn nghệ chúng tôi chỉnh lý và bổ sung nhiều nội dung mới.</p><p>Do năng lực, điều kiện và thời gian, hơn nữa địa bàn nghiên cứu quá rộng, việc sưu tầm điền dã gặp nhiều khó khăn, nên sẽ không sao tránh được thiếu sót và hạn chế. Tác giả rất mong nhận được đóng góp, để bổ sung, hoàn chỉnh thêm.</p>', 10, 1);

-- --------------------------------------------------------

--
-- Table structure for table `vnpay`
--

CREATE TABLE `vnpay` (
  `id` int(11) NOT NULL,
  `vnp_Amount` varchar(50) NOT NULL,
  `vnp_BankCode` varchar(50) NOT NULL,
  `vnp_BankTranNo` varchar(50) NOT NULL,
  `vnp_CardType` varchar(50) NOT NULL,
  `vnp_OrderInfo` varchar(100) NOT NULL,
  `vnp_PayDate` varchar(50) NOT NULL,
  `vnp_TmnCode` varchar(50) NOT NULL,
  `vnp_TransactionNo` varchar(50) NOT NULL,
  `order_id` int(11) NOT NULL
) ENGINE=InnoDB DEFAULT CHARSET=utf8 COLLATE=utf8_unicode_ci;

--
-- Dumping data for table `vnpay`
--

INSERT INTO `vnpay` (`id`, `vnp_Amount`, `vnp_BankCode`, `vnp_BankTranNo`, `vnp_CardType`, `vnp_OrderInfo`, `vnp_PayDate`, `vnp_TmnCode`, `vnp_TransactionNo`, `order_id`) VALUES
(2, '1000000', 'NCB', 'VNP14162865', '', 'Thanh toán đơn hàng tại web', '20231101155405', '9P7F376T', '14162865', 42),
(3, '14350000', 'NCB', 'VNP14162888', '', 'Thanh toán đơn hàng tại web', '20231101160522', '9P7F376T', '14162888', 48),
(4, '3000000', 'VNPAY', '', '', 'Thanh toán đơn hàng tại web', '20231118202307', '9P7F376T', '0', 68),
(6, '6500000', 'VNPAY', '', '', 'Thanh toán đơn hàng tại web', '20231120101021', '9P7F376T', '0', 76),
(7, '30300000', 'VNPAY', '', '', 'Thanh toán đơn hàng tại web', '20231120101107', '9P7F376T', '0', 77),
(8, '3000000', 'VNPAY', '', '', 'Thanh toán đơn hàng tại web', '20231120101710', '9P7F376T', '0', 77),
(9, '9300000', 'VNPAY', '', '', 'Thanh toán đơn hàng tại web', '20231120101731', '9P7F376T', '0', 77),
(10, '9300000', 'VNPAY', '', '', 'Thanh toán đơn hàng tại web', '20231120102332', '9P7F376T', '0', 77),
(11, '9300000', 'VNPAY', '', '', 'Thanh toán đơn hàng tại web', '20231120102332', '9P7F376T', '0', 77),
(12, '9300000', 'VNPAY', '', '', 'Thanh toán đơn hàng tại web', '20231120102332', '9P7F376T', '0', 77),
(13, '9300000', 'VNPAY', '', '', 'Thanh toán đơn hàng tại web', '20231120102332', '9P7F376T', '0', 77),
(14, '9300000', 'VNPAY', '', '', 'Thanh toán đơn hàng tại web', '20231120102332', '9P7F376T', '0', 77),
(15, '9300000', 'VNPAY', '', '', 'Thanh toán đơn hàng tại web', '20231120102332', '9P7F376T', '0', 77),
(16, '9300000', 'VNPAY', '', '', 'Thanh toán đơn hàng tại web', '20231120102332', '9P7F376T', '0', 77),
(17, '30300000', 'VNPAY', '', '', 'Thanh toán đơn hàng tại web', '20231120101107', '9P7F376T', '0', 77),
(18, '30300000', 'VNPAY', '', '', 'Thanh toán đơn hàng tại web', '20231120101107', '9P7F376T', '0', 77),
(19, '30300000', 'VNPAY', '', '', 'Thanh toán đơn hàng tại web', '20231120101107', '9P7F376T', '0', 77),
(20, '30300000', 'VNPAY', '', '', 'Thanh toán đơn hàng tại web', '20231120101107', '9P7F376T', '0', 77),
(21, '9300000', 'VNPAY', '', '', 'Thanh toán đơn hàng tại web', '20231120115441', '9P7F376T', '0', 77),
(22, '9300000', 'NCB', 'VNP14188696', '', 'Thanh toán đơn hàng tại web', '20231120120318', '9P7F376T', '14188696', 77),
(23, '6500000', 'NCB', 'VNP14189059', '', 'Thanh toán đơn hàng tại web', '20231120154855', '9P7F376T', '14189059', 79),
(24, '6500000', 'NCB', 'VNP14189072', '', 'Thanh toán đơn hàng tại web', '20231120155304', '9P7F376T', '14189072', 80);

-- --------------------------------------------------------

--
-- Table structure for table `wishlist`
--

CREATE TABLE `wishlist` (
  `id` int(11) NOT NULL,
  `member_id` int(11) NOT NULL,
  `product_id` int(11) NOT NULL,
  `product_name` varchar(100) NOT NULL,
  `product_image` varchar(50) NOT NULL,
  `product_price` int(11) NOT NULL
) ENGINE=InnoDB DEFAULT CHARSET=utf8 COLLATE=utf8_unicode_ci;

--
-- Dumping data for table `wishlist`
--

INSERT INTO `wishlist` (`id`, `member_id`, `product_id`, `product_name`, `product_image`, `product_price`) VALUES
(4, 1, 26, 'Dạy Con Thói Quen Tốt', 'dctqt.webp', 25000),
(6, 8, 20, 'Một Nghệ Thuật Sống', 'nts.webp', 64000),
(7, 8, 22, 'Gieo Trồng Hạnh Phúc', 'gthp.webp', 54000),
(10, 10, 33, 'Phía Sau Nghi Can X', 'psncx.webp', 75000),
(11, 10, 42, 'Bảy Bước Tới Mùa Hè', 'bbtmh.webp', 103500),
(16, 1, 5, 'Tôi Thấy Hoa Vàng Trên Cỏ Xanh', 'tthvtcx.webp', 103000),
(17, 21, 2, 'Cho Tôi Xin 1 Vé Đi Tuổi Thơ', 'ctx1vdtt.webp', 63000);

--
-- Indexes for dumped tables
--

--
-- Indexes for table `admin`
--
ALTER TABLE `admin`
  ADD PRIMARY KEY (`username`);

--
-- Indexes for table `articles`
--
ALTER TABLE `articles`
  ADD PRIMARY KEY (`id`);

--
-- Indexes for table `article_categories`
--
ALTER TABLE `article_categories`
  ADD PRIMARY KEY (`id`);

--
-- Indexes for table `article_comments`
--
ALTER TABLE `article_comments`
  ADD PRIMARY KEY (`id`);

--
-- Indexes for table `authors`
--
ALTER TABLE `authors`
  ADD PRIMARY KEY (`id`);

--
-- Indexes for table `cart`
--
ALTER TABLE `cart`
  ADD PRIMARY KEY (`id`);

--
-- Indexes for table `categories`
--
ALTER TABLE `categories`
  ADD PRIMARY KEY (`id`);

--
-- Indexes for table `comments`
--
ALTER TABLE `comments`
  ADD PRIMARY KEY (`id`);

--
-- Indexes for table `member`
--
ALTER TABLE `member`
  ADD PRIMARY KEY (`id`);

--
-- Indexes for table `orders`
--
ALTER TABLE `orders`
  ADD PRIMARY KEY (`id`);

--
-- Indexes for table `order_detail`
--
ALTER TABLE `order_detail`
  ADD PRIMARY KEY (`productId`,`orderId`);

--
-- Indexes for table `order_methods`
--
ALTER TABLE `order_methods`
  ADD PRIMARY KEY (`id`);

--
-- Indexes for table `products`
--
ALTER TABLE `products`
  ADD PRIMARY KEY (`id`);

--
-- Indexes for table `vnpay`
--
ALTER TABLE `vnpay`
  ADD PRIMARY KEY (`id`);

--
-- Indexes for table `wishlist`
--
ALTER TABLE `wishlist`
  ADD PRIMARY KEY (`id`);

--
-- AUTO_INCREMENT for dumped tables
--

--
-- AUTO_INCREMENT for table `articles`
--
ALTER TABLE `articles`
  MODIFY `id` int(11) NOT NULL AUTO_INCREMENT, AUTO_INCREMENT=11;

--
-- AUTO_INCREMENT for table `article_categories`
--
ALTER TABLE `article_categories`
  MODIFY `id` int(11) NOT NULL AUTO_INCREMENT, AUTO_INCREMENT=7;

--
-- AUTO_INCREMENT for table `article_comments`
--
ALTER TABLE `article_comments`
  MODIFY `id` int(11) NOT NULL AUTO_INCREMENT;

--
-- AUTO_INCREMENT for table `authors`
--
ALTER TABLE `authors`
  MODIFY `id` int(11) NOT NULL AUTO_INCREMENT, AUTO_INCREMENT=72;

--
-- AUTO_INCREMENT for table `cart`
--
ALTER TABLE `cart`
  MODIFY `id` int(11) NOT NULL AUTO_INCREMENT, AUTO_INCREMENT=167;

--
-- AUTO_INCREMENT for table `categories`
--
ALTER TABLE `categories`
  MODIFY `id` int(11) NOT NULL AUTO_INCREMENT, AUTO_INCREMENT=13;

--
-- AUTO_INCREMENT for table `comments`
--
ALTER TABLE `comments`
  MODIFY `id` int(11) NOT NULL AUTO_INCREMENT, AUTO_INCREMENT=33;

--
-- AUTO_INCREMENT for table `member`
--
ALTER TABLE `member`
  MODIFY `id` int(11) NOT NULL AUTO_INCREMENT, AUTO_INCREMENT=23;

--
-- AUTO_INCREMENT for table `orders`
--
ALTER TABLE `orders`
  MODIFY `id` int(11) NOT NULL AUTO_INCREMENT, AUTO_INCREMENT=110;

--
-- AUTO_INCREMENT for table `order_methods`
--
ALTER TABLE `order_methods`
  MODIFY `id` int(11) NOT NULL AUTO_INCREMENT, AUTO_INCREMENT=6;

--
-- AUTO_INCREMENT for table `products`
--
ALTER TABLE `products`
  MODIFY `id` int(11) NOT NULL AUTO_INCREMENT, AUTO_INCREMENT=138;

--
-- AUTO_INCREMENT for table `vnpay`
--
ALTER TABLE `vnpay`
  MODIFY `id` int(11) NOT NULL AUTO_INCREMENT, AUTO_INCREMENT=25;

--
-- AUTO_INCREMENT for table `wishlist`
--
ALTER TABLE `wishlist`
  MODIFY `id` int(11) NOT NULL AUTO_INCREMENT, AUTO_INCREMENT=18;
COMMIT;

/*!40101 SET CHARACTER_SET_CLIENT=@OLD_CHARACTER_SET_CLIENT */;
/*!40101 SET CHARACTER_SET_RESULTS=@OLD_CHARACTER_SET_RESULTS */;
/*!40101 SET COLLATION_CONNECTION=@OLD_COLLATION_CONNECTION */;
